track_name,track_id,track_duration,track_popularity,track_explicit,album_name,album_id,album_release_date,album_release_date_precision,album_total_tracks,album_type,artist_name,artist_id,played_at
anything,4PwWESSlTwzvw9B7bmtTLS,202047,58,False,songs,2Qt8Z1LB3Fsrf6nhBNsvUJ,2020-10-23,day,11,album,Adrianne Lenker,4aKWmkWAKviFlyvHYPTNQY,2023-03-12T07:54:04.896Z
Simulation Swarm,2FwDApgXk91kXvqy2oB7dz,252733,62,False,Dragon New Warm Mountain I Believe In You,7Ln81p86r5cCsesd3KBWIY,2022-02-11,day,20,album,Big Thief,5QdyldG4Fl4TPiOIeMNpBZ,2023-03-12T07:58:18.616Z
Map,2quALV4FWOVawNuf8SEHl1,300693,33,False,"The Glow, Pt. 2",6QYoRO2sXThCORAifrP4Bl,2001-09-11,day,20,album,The Microphones,7Ht57YadlBXcFJDK3plmhO,2023-03-12T08:03:19.416Z
Song Against Sex,2eBKmAwu3E80Fx8XmJJfKZ,221426,30,True,On Avery Island,1r4wYf0rQKB2sVdHkNPBnI,1996-01-01,day,14,album,Neutral Milk Hotel,2ooIqOf4X2uz4mMptXCtie,2023-03-12T08:07:01.181Z
ghost,3nfosq8fXaM506M6L52kjI,321893,29,False,光の中に,38ynpfIMWM4ZM4u77tdWjR,2019-05-29,day,13,album,踊ってばかりの国,0FA31wmImS3Px3LyRxtiS2,2023-03-12T08:12:23.697Z
Sea of Dreams,4VlJbvK8wQFuIvAdMNw1Qu,283003,41,False,Chronovision,4TAmYdA51CgKukT5moHIMh,2015-10-09,day,12,album,Oberhofer,5zb7wVUx1vTXLB6HX26EnX,2023-03-12T08:17:07.636Z
Messenger,6cAbIQ5tachruXGBnXNuQ1,201826,34,False,Misery Is a Butterfly,2IOkphZwsrRk1nWRkikEgK,2004-03-15,day,11,album,Blonde Redhead,5isqImG0rLfAgBJSPMEVXF,2023-03-12T08:20:29.741Z
Wandering 流浪,4XohDrRx2g5CzH9DSWQOPD,114000,30,False,Hurtbreak Wonderland,7KtBhRWitpnHoma8UWiDgz,2007-03-23,day,10,album,World's End Girlfriend,3lqgWxgqJb19h62n19FKQp,2023-03-12T08:22:23.879Z
Two-Headed Boy,27AG99NmWMFLRoyZMMPNW2,266106,52,False,In the Aeroplane Over the Sea,0vVekV45lOaVKs6RZQQNob,1998-02-20,day,11,album,Neutral Milk Hotel,2ooIqOf4X2uz4mMptXCtie,2023-03-12T08:26:51.029Z
Human Sadness,3YB9cvd668HXBEq8rbBW8P,656901,49,True,Tyranny,5LlMvH379KZHgRIL5BrTOg,2014-09-23,day,12,album,The Voidz,4nUBBtLtzqZGpdiynTJbYJ,2023-03-12T08:37:48.102Z
Little Birds - Live [2014],337ozPp0qC9WVOtqeA6vW0,373975,38,False,Little Birds,6W06B6AqeuOXBAIKGqbGHT,2023-01-10,day,2,single,Neutral Milk Hotel,2ooIqOf4X2uz4mMptXCtie,2023-03-12T08:44:02.612Z
Long Lost,3UogKIjMzKOTRN1VyuBZFP,284687,45,False,Long Lost,5gEBQoKHOrgTXRLYMUKCly,2021-04-16,day,3,single,Lord Huron,6ltzsmQQbmdoHHbLZ4ZN25,2023-03-12T08:48:47.820Z
Pleaser,11zf7m4vw9Ze7cer9Nyhk1,187895,66,False,Pleaser,3XwLvPyeeyTjFKeBdtC978,2017-04-12,day,1,single,Wallows,0NIPkIjTV8mB795yEIiPYL,2023-03-12T08:51:56.577Z
Nonphenomenal Lineage,6IMFaGBruL0Jm3MNptbTqO,191426,29,False,Under The Western Freeway,57FtCFNPyiqlltBLhFGDYi,1997-10-21,day,11,album,Grandaddy,3W4xM5XYtUp4ifYYPVKVdk,2023-03-12T08:55:08.208Z
Good Song,75WFyYrXPMAWyN6jOBB7IC,187680,52,False,Think Tank (Special Edition),68P7oIUK327pt5tDIZJd63,2003,year,27,album,Blur,7MhMgCo0Bl0Kukl93PZbYS,2023-03-12T08:58:16.564Z
Ode To The Mets,1BLOVHYYlH4JUHQGcpt75R,351786,64,False,The New Abnormal,2xkZV2Hl1Omi8rk2D7t5lN,2020-04-10,day,9,album,The Strokes,0epOFNiUfyON9EYx7Tpr6V,2023-03-12T09:04:08.597Z
Zanzo no Sketch,56GQ7rDihrWw8sNWvi8daO,259452,33,False,Yume,0snrpSOntTb03Sd8XDPn78,2014-02-05,day,10,album,Lamp,0rFHElzeddB9ymDjgpBENX,2023-03-12T09:08:28.387Z
Battery Kinzie,64rUORJh4zikFaieRu9xVq,169000,38,False,Helplessness Blues,7D0rCfJjFj9x0bdgRKtvzb,2011-05-03,day,12,album,Fleet Foxes,4EVpmkEwrLYEg6jIsiPMIb,2023-03-12T09:11:17.740Z
I Shall Love 2,4VxGlr9PawFDaThx20USnS,318546,22,False,Aviary,6icpwcJQWK4nq9Xilk4yRu,2018-10-26,day,15,album,Julia Holter,0bsV0sUjnCuCTYOnNHQl3E,2023-03-12T09:16:37.275Z
I'm So Tired,6JgHKt0WwdwlXIht6M0mqa,118933,62,False,Instrument Soundtrack,1owNOVlXTqmDVo4M2Z20uk,1999-04-01,day,18,album,Fugazi,62sC6lUEWRjbFqXpMmOk4G,2023-03-12T09:18:36.842Z
Bodys,1Pbs2eCcX9p2onaAvMYvhk,406934,55,False,Twin Fantasy,6gDtROOIYa6OQxwhDNkDRM,2018-02-16,day,10,album,Car Seat Headrest,5PbpKlxQE0Ktl5lcNABoFf,2023-03-12T09:25:23.937Z
Pangaea Girls (Magic Feeling),49DmTlbizOa1VTQRqVAuWJ,191491,46,False,Ceres & Calypso in the Deep Time,5KkGAZrad4N4rc5FriwgzU,2013-06-25,day,12,album,Candy Claws,34Xay0uKsALHCrn5LkrYeh,2023-03-12T09:28:36.070Z
Kiss Off,5fj76kVAnqRKKhAw5d06jj,176720,54,False,Violent Femmes,0Ojio25IPzIrw1rUmgrhrG,1983-01-01,day,12,album,Violent Femmes,0rpMdBzQXf7aYRnu5fDBJy,2023-03-12T09:31:33.526Z
The Plains / Bitter Dancer,5Z45r13JrsFiOb6MJFnpKi,353906,34,False,Helplessness Blues,7D0rCfJjFj9x0bdgRKtvzb,2011-05-03,day,12,album,Fleet Foxes,4EVpmkEwrLYEg6jIsiPMIb,2023-03-12T09:37:27.834Z
Hidden Place,4c6LgotpKGB791EsNeu9gr,329360,44,False,Vespertine,4u3MPfHM60rFFULJebZIay,2001-08-27,day,12,album,Björk,7w29UYBi0qsHi5RTcv3lmA,2023-03-12T09:42:57.063Z
Please Do Not Go,4sxVoAf7uvxCSgTCRNDohP,255400,44,False,Violent Femmes,0Ojio25IPzIrw1rUmgrhrG,1983-01-01,day,12,album,Violent Femmes,0rpMdBzQXf7aYRnu5fDBJy,2023-03-12T09:47:13.271Z
Selfless,2t0wwvR15fc3K1ey8OiOaN,222093,68,False,The New Abnormal,2xkZV2Hl1Omi8rk2D7t5lN,2020-04-10,day,9,album,The Strokes,0epOFNiUfyON9EYx7Tpr6V,2023-03-12T10:08:22.758Z
It's Coming It's Real,6mDD8dnYp25mRbupOPBLL6,462162,23,False,leaving meaning.,6tfSlxSuQb6CWNncrO07wn,2019-10-25,day,12,album,Swans,79S80ZWgVhIPMCHuvl6SkA,2023-03-12T15:14:54.344Z
It's Coming It's Real,6mDD8dnYp25mRbupOPBLL6,462162,23,False,leaving meaning.,6tfSlxSuQb6CWNncrO07wn,2019-10-25,day,12,album,Swans,79S80ZWgVhIPMCHuvl6SkA,2023-03-12T15:22:37.717Z
It's Coming It's Real,6mDD8dnYp25mRbupOPBLL6,462162,23,False,leaving meaning.,6tfSlxSuQb6CWNncrO07wn,2019-10-25,day,12,album,Swans,79S80ZWgVhIPMCHuvl6SkA,2023-03-12T15:31:37.081Z
Irene,6z2HVggp7shFEz6Zrxkoz0,218000,33,False,Andorra,1qVjmAeHdqEeB2DuyvbTYz,2007-08-17,day,9,album,Caribou,4aEnNH9PuU1HF3TsZTru54,2023-03-12T16:26:57.919Z
Leave Me Alone - 2015 Remaster,0F0imGVd7KnvQPkBmVtPo9,281773,50,False,Power Corruption and Lies,6NTrwu1XJ56jBPx7HMksbZ,1983-05-02,day,8,album,New Order,0yNLKJebCb8Aueb54LYya3,2023-03-12T16:35:25.594Z
Leave Me Alone - 2015 Remaster,0F0imGVd7KnvQPkBmVtPo9,281773,50,False,Power Corruption and Lies,6NTrwu1XJ56jBPx7HMksbZ,1983-05-02,day,8,album,New Order,0yNLKJebCb8Aueb54LYya3,2023-03-12T16:41:34.642Z
Butterflies,19dObDGedr40x1UcAm15qz,195937,64,False,Quest For Fire,7tWP3OG5dWphctKg4NMACt,2023-02-17,day,15,album,Skrillex,5he5w2lnU9x7JFhnwcekXX,2023-03-12T16:44:59.055Z
I've Seen Footage,7nCONy10IHp7XD3oYZ0lcx,202853,56,True,The Money Store,1PQDjdBpHPikAodJqjzm6a,2012-04-23,day,13,album,Death Grips,5RADpgYLOuS2ZxDq7ggYYH,2023-03-12T16:58:55.524Z
Toxicity,0snQkGI5qnAmohLE7jTsTn,218933,79,False,Toxicity,6jWde94ln40epKIQCd8XUh,2001-09-04,day,15,album,System Of A Down,5eAWCfyUhZtHHtBdNk56l1,2023-03-12T17:02:34.582Z
Bye Storm,1yEDpYd1glJgFu2gVmm4zm,220812,32,True,By the Time I Get to Phoenix,7L7oMPboBCeyGLJVsHSWM2,2021-09-15,day,11,album,Injury Reserve,3nf2EaHj8HikLNdaiW3v73,2023-03-12T17:06:15.794Z
Pruit Igoe,55R2Ke4RQYEFdbryAnKcW4,423973,35,False,Koyaanisqatsi,0I5Te5Oi0Cbes6nwEe4uFV,1983-01-01,day,6,album,Philip Glass,69lxxQvsfAIoQbB20bEPFC,2023-03-12T17:21:24.489Z
Live Well,2H30WL3exSctlDC9GyRbD4,249840,65,False,So Long Forever,6cmFNl8lllA6BGc7SKLy3y,2016-11-04,day,11,album,Palace,48vDIufGC8ujPuBiTxY8dm,2023-03-12T17:25:34.617Z
Elephant Woman,2mweWXUplavtY2YCANfmwO,289333,40,False,Misery Is a Butterfly,2IOkphZwsrRk1nWRkikEgK,2004-03-15,day,11,album,Blonde Redhead,5isqImG0rLfAgBJSPMEVXF,2023-03-12T17:35:07.108Z
"Microphone, Pt. 2",0BA5TR3LNpm7xOVisYJD3g,140698,13,False,Early Tapes 1996 - 1998,4MidlO3UE5TXZ7NK0Nloc8,2016-12-09,day,16,album,The Microphones,7Ht57YadlBXcFJDK3plmhO,2023-03-12T17:37:27.727Z
Slo-dancin',5rZ6UT3De5pRYhEU701vG8,121209,37,False,Haunt U Forever,0g2PJbscS69UolD4QyS3wp,2011,year,9,album,Ricky Eat Acid,4BO8wK4OAaFsi6PSzs366S,2023-03-12T17:39:30.151Z
Notion,0sTlGEld0h8kIPZaKDYUf4,195120,79,False,Notion,4Uf8BVznefnd2xZm2nRFUx,2021-12-02,day,1,single,The Rare Occasions,1QfpRUtH14JLoY6F6AYmwt,2023-03-12T17:42:45.181Z
Someday,56NkIxSZZiMpFP5ZNSxtnT,183573,68,False,Is This It,2yNaksHgeMQM9Quse463b5,2001-07-30,day,11,album,The Strokes,0epOFNiUfyON9EYx7Tpr6V,2023-03-12T17:50:14.997Z
Back in the 90's,5d4ERnrRRe9o4I7aFLFTvP,43613,50,False,BoJack Horseman (Music from the Netflix Original Series),1TCONwUgvvjqSYJFPUCUTW,2017-09-08,day,25,compilation,GROUPLOVE,3kVUvbeRdcrqQ3oHk5hPdx,2023-03-12T17:51:10.846Z
Back in the 90's,5d4ERnrRRe9o4I7aFLFTvP,43613,50,False,BoJack Horseman (Music from the Netflix Original Series),1TCONwUgvvjqSYJFPUCUTW,2017-09-08,day,25,compilation,GROUPLOVE,3kVUvbeRdcrqQ3oHk5hPdx,2023-03-12T17:51:56.605Z
Risingson,6ggJ6MceyHGWtUg1KLp3M1,298826,49,False,Mezzanine,49MNmJhZQewjt06rpwp6QR,1998-01-01,day,11,album,Massive Attack,6FXMGgJwohJLUSr5nVlf9X,2023-03-12T18:15:55.062Z
Smells Blood,6ZRxnIHvjN0qTVRwz3PLtO,109280,64,False,DEVILMAN crybaby (Original Soundtrack),05xPgo0O1tujgg6eDzIfxV,2018-01-10,day,48,album,Kensuke Ushio,4L0gz16xuM1as1OgYzh1SR,2023-03-12T18:51:48Z
Sleep,05JqOBN6XW4eFUVQlgR0I3,1397746,40,False,Lift Your Skinny Fists Like Antennas to Heaven,2rT82YYlV9UoxBYLIezkRq,2000-01-01,day,4,album,Godspeed You! Black Emperor,4svpOyfmQKuWpHLjgy4cdK,2023-03-12T23:11:54.352Z
Blackstar,0Fao855T3klV3REFRFHRF3,597933,48,False,Blackstar,2w1YJXWMIco6EBf0CovvVN,2016-01-08,day,7,album,David Bowie,0oSGxfWSnnOXhD2fKuz2Gy,2023-03-12T23:51:32.985Z
Blackstar,0Fao855T3klV3REFRFHRF3,597933,48,False,Blackstar,2w1YJXWMIco6EBf0CovvVN,2016-01-08,day,7,album,David Bowie,0oSGxfWSnnOXhD2fKuz2Gy,2023-03-13T00:11:31.132Z
Mother of the World,5zNQPB67iLm11Zyg6hwiQX,597253,24,False,The Seer,774XM9c4BAxkNqvu7Rea1E,2012-01-01,day,11,album,Swans,79S80ZWgVhIPMCHuvl6SkA,2023-03-13T00:41:29.280Z
13 Angels Standing Guard 'Round The Side Of Your Bed,7jbLjvNlKbfCRUoFWKo5TR,442293,47,False,He Has Left Us Alone But Shafts Of Light Sometimes Grace The Corner Of Our Rooms,298tKa2DPLT9GNmY8vsvLj,2000-03-13,day,8,album,Silver Mt. Zion,0bRpSBtMd3stO4J6TWclMb,2023-03-13T01:00:21.862Z
April 8th,2uKDd3ECuJSXAmkcRqhEGR,167733,23,True,On Avery Island,1r4wYf0rQKB2sVdHkNPBnI,1996-01-01,day,14,album,Neutral Milk Hotel,2ooIqOf4X2uz4mMptXCtie,2023-03-13T14:23:30.634Z
You & I,2rVoTl5ZMP3UijfJVnyRgf,210089,28,False,Stay Cool,44ZygtuH05Lo1yUuVcBA85,2017-07-14,day,8,album,Twinsmith,6OzddGLeuKG9irjEC13C69,2023-03-13T14:36:52.055Z
Chinatown,3BRfgsKjcakny2wCYfZrvz,198842,47,False,Gemini,3hxVFxpF7uUtjLHzvGIm7W,2010-05-25,day,12,album,Wild Nothing,6NrkINd80slV25wkBu9mEB,2023-03-13T14:40:21.518Z
Love You So Bad,7I5YEoBfBLJnMfZCouNFCb,219000,45,False,Transangelic Exodus,0qH9x299SJCF03WuVXgXAN,2018-02-09,day,13,album,Ezra Furman,1uR7zoLrSRI8bSL43OZ0GY,2023-03-13T14:49:11.353Z
Restless Year,3aOqxUnZ6LI5dxQ3iqAQ6C,145000,42,False,Perpetual Motion People,0R8prza80qnGSvS4XdQGc3,2015-07-06,day,13,album,Ezra Furman,1uR7zoLrSRI8bSL43OZ0GY,2023-03-13T14:51:36.885Z
Can I Sleep in Your Brain,6qhov3GzAO4V30EA4kh4T6,237000,37,False,Perpetual Motion People,0R8prza80qnGSvS4XdQGc3,2015-07-06,day,13,album,Ezra Furman,1uR7zoLrSRI8bSL43OZ0GY,2023-03-13T15:02:40.770Z
I'm Coming Clean,5Ubqbm1quUOpXy0cRMOVmP,127409,36,False,Sex Education Original Soundtrack,0d5VbUpz8dcGC17Jkm3og4,2020-01-24,day,19,album,Ezra Furman,1uR7zoLrSRI8bSL43OZ0GY,2023-03-13T15:04:35.323Z
Good Book,0g0HPtE2POXGx8dzuwBRv4,156192,30,False,Sex Education Original Soundtrack,0d5VbUpz8dcGC17Jkm3og4,2020-01-24,day,19,album,Ezra Furman,1uR7zoLrSRI8bSL43OZ0GY,2023-03-13T15:09:28.037Z
Some Summers They Drop Like Flys,1SRR4NhSAhvreSHKQBtplB,379693,18,False,"Whatever You Love, You Are",2UjPnsZmxzCOPVkGzPm7G4,2000-01-01,day,6,album,Dirty Three,1QUsHFoDqNsC0W9AlNyHWF,2023-03-13T15:16:25.563Z
Tighten Up,3C542UknrX76XSRXTyQ1Qg,211336,59,False,Brothers (Deluxe Remastered Anniversary Edition),7lhJVTvqL3QbwGN12QLiVj,2020-12-18,day,18,album,The Black Keys,7mnBLXK823vNxN3UWB7Gfz,2023-03-13T15:33:48.692Z
"Holland, 1945",64DpBZj4IlDFzCwxTq7azl,192533,57,False,In the Aeroplane Over the Sea,0vVekV45lOaVKs6RZQQNob,1998-02-20,day,11,album,Neutral Milk Hotel,2ooIqOf4X2uz4mMptXCtie,2023-03-13T17:01:16.144Z
I Shall Love 2,4X2wda3nI8SwBzGyaKMNUs,318546,8,False,I Shall Love 2,1yoHqeWeT6oSHiIyzHsE7V,2018-09-06,day,2,single,Julia Holter,0bsV0sUjnCuCTYOnNHQl3E,2023-03-13T17:06:35.012Z
Little Birds - Live [2014],337ozPp0qC9WVOtqeA6vW0,373975,38,False,Little Birds,6W06B6AqeuOXBAIKGqbGHT,2023-01-10,day,2,single,Neutral Milk Hotel,2ooIqOf4X2uz4mMptXCtie,2023-03-13T17:14:40.895Z
Some Summers They Drop Like Flys,1SRR4NhSAhvreSHKQBtplB,379693,18,False,"Whatever You Love, You Are",2UjPnsZmxzCOPVkGzPm7G4,2000-01-01,day,6,album,Dirty Three,1QUsHFoDqNsC0W9AlNyHWF,2023-03-13T17:26:24.803Z
Flume,0bhBtXHQX3u6dSAPF59qGx,219000,61,False,"For Emma, Forever Ago",7EJ0OT5ZqybXxcYRa6mccM,2008-02-19,day,9,album,Bon Iver,4LEiUm1SRbFMgfqnQTwUbQ,2023-03-13T17:34:12.804Z
Pagan Poetry - Video Edit,6oZfKOEJT4kX4qr3gzGdUw,242733,7,False,Pagan Poetry 2,2usm2sWCEGKEmTyclCApJ7,2001-11-05,day,3,single,Björk,7w29UYBi0qsHi5RTcv3lmA,2023-03-13T17:38:14.834Z
All I Think About Now,3NfqN997u9A3YAAafgzhIa,187320,65,False,Head Carrier,5F9YYEKDxenkRpyuovdqZe,2016-09-30,day,12,album,Pixies,6zvul52xwTWzilBZl6BUbT,2023-03-13T17:43:41.507Z
Heptapod B,0wvldPbWwuellRqCfzL4eu,222084,39,False,Arrival (Original Motion Picture Soundtrack),3GDfBsNm22NeGSP2vQDWnO,2016-11-11,day,20,album,Jóhann Jóhannsson,3IpQziA6YwD53PQ5xbwgLF,2023-03-13T17:47:24.537Z
Armstrong Cabin,0UJEym12sdx3m5UlY2HYfp,75706,61,False,First Man (Original Motion Picture Soundtrack),4NFpOHIv0hJa9of0IQsgKw,2018-10-12,day,37,album,Justin Hurwitz,2snm3HmsnDUDxbIChdl2Oj,2023-03-13T17:48:40.169Z
Map,2quALV4FWOVawNuf8SEHl1,300693,33,False,"The Glow, Pt. 2",6QYoRO2sXThCORAifrP4Bl,2001-09-11,day,20,album,The Microphones,7Ht57YadlBXcFJDK3plmhO,2023-03-13T17:54:53.636Z
Useless,5iKKfIJqyBXGUDre79dyeN,256070,17,False,Useless - Highway,71xa11ucgVWqithU8OSgp6,2014-09-22,day,7,album,Marie Madeleine,42Wmw8g4Cl9ZsxYR8prhSC,2023-03-13T17:59:10.787Z
I Want Wind to Blow,1bAZV1EBTRi9t1cVg75i8t,332880,47,False,"The Glow, Pt. 2",6QYoRO2sXThCORAifrP4Bl,2001-09-11,day,20,album,The Microphones,7Ht57YadlBXcFJDK3plmhO,2023-03-13T18:04:43.382Z
Flume,0bhBtXHQX3u6dSAPF59qGx,219000,61,False,"For Emma, Forever Ago",7EJ0OT5ZqybXxcYRa6mccM,2008-02-19,day,9,album,Bon Iver,4LEiUm1SRbFMgfqnQTwUbQ,2023-03-13T18:08:23.041Z
Rapp Snitch Knishes feat. Mr. Fantastik,5KUNwkaNf8l5A9sXZhiCgI,172893,74,True,MM...FOOD,1UcS2nqUhxrZjrBZ3tHk2N,2004-11-16,day,15,album,MF DOOM,2pAWfrd7WFF3XhVt9GooDL,2023-03-13T18:19:32.392Z
Death with Dignity,73uJybGAhwGRD9MZYrOmTY,239508,62,False,Carrie & Lowell,64xtjfsPHNHch0CZ7fPTjS,2015-03-31,day,11,album,Sufjan Stevens,4MXUO7sVCaFgFjoTI5ox5c,2023-03-13T18:23:32.906Z
All Caps,21O0XXPEWPtePt5RMY93Ob,130479,69,True,Madvillainy,19bQiwEKhXUBJWY6oV3KZk,2004-03-24,day,22,album,Madvillain,2aoFQUeHD1U7pL098lRsDU,2023-03-13T18:27:38.577Z
Where I Found You (One Star),1o3amYz7RPk7OpVLbarVcQ,187143,55,False,Ceres & Calypso in the Deep Time,5KkGAZrad4N4rc5FriwgzU,2013-06-25,day,12,album,Candy Claws,34Xay0uKsALHCrn5LkrYeh,2023-03-13T18:30:33.656Z
Pasoori,7lvDsmTRXFE3dK4OjvRiWB,224146,76,False,Pasoori,7wgrW5XyZdtk0K8PkW5A7h,2022-02-07,day,1,single,Shae Gill,3bWIy9AUrQdiNeS62Bp3OP,2023-03-13T18:34:17.125Z
"Concerning the UFO sighting near Highland, Illinois",2BjRhZ2IJmsO1GRquNldsP,128985,50,False,Illinois,1pOl0KEC1iQnA6F0XxV4To,2005-07-05,day,22,album,Sufjan Stevens,4MXUO7sVCaFgFjoTI5ox5c,2023-03-13T18:37:59.879Z
"The Black Hawk War, Or, How to Demolish an Entire Civilization and Still Feel Good About Yourself In the Morning, Or, We Apologize for the Inconvenience But You're Going to Have to Leave Now, Or...",4LyO99BhEMAyVGe4J5genE,134786,38,False,Illinois,1pOl0KEC1iQnA6F0XxV4To,2005-07-05,day,22,album,Sufjan Stevens,4MXUO7sVCaFgFjoTI5ox5c,2023-03-13T18:41:38.223Z
Come On! Feel the Illinoise! Part I: The World's Columbian Exposition Part II: Carl Sandburg Visits Me In A Dream,3vbxQpZdIXJ3oALBd8OyQ6,405626,44,False,Illinois,1pOl0KEC1iQnA6F0XxV4To,2005-07-05,day,22,album,Sufjan Stevens,4MXUO7sVCaFgFjoTI5ox5c,2023-03-13T18:48:24.735Z
"John Wayne Gacy, Jr.",2R3g9k14OAcUzZYwo90Tx6,199920,48,False,Illinois,1pOl0KEC1iQnA6F0XxV4To,2005-07-05,day,22,album,Sufjan Stevens,4MXUO7sVCaFgFjoTI5ox5c,2023-03-13T18:51:44.525Z
Jacksonville,7iYaPj3pAQ3UJrSmYZChYY,324720,42,False,Illinois,1pOl0KEC1iQnA6F0XxV4To,2005-07-05,day,22,album,Sufjan Stevens,4MXUO7sVCaFgFjoTI5ox5c,2023-03-13T18:57:08.911Z
"A short reprise for Mary Todd, who went insane, but for very good reasons",6hfxGStZ4L3IBvRaCqmPQc,47640,37,False,Illinois,1pOl0KEC1iQnA6F0XxV4To,2005-07-05,day,22,album,Sufjan Stevens,4MXUO7sVCaFgFjoTI5ox5c,2023-03-13T18:57:56.394Z
"Decatur, or, Round of Applause for Your Step-Mother!",5PrrtlnYNokmpECpZtQhVO,183906,40,False,Illinois,1pOl0KEC1iQnA6F0XxV4To,2005-07-05,day,22,album,Sufjan Stevens,4MXUO7sVCaFgFjoTI5ox5c,2023-03-13T19:01:00.505Z
"One last ""Whoo-hoo!"" for the Pullman",5bve8lKmi1CafK0olcfU0l,6466,0,False,Illinois,1pOl0KEC1iQnA6F0XxV4To,2005-07-05,day,22,album,Sufjan Stevens,4MXUO7sVCaFgFjoTI5ox5c,2023-03-13T19:01:07.178Z
Chicago,1yupbrI7ROhigIHpQBevPh,364613,58,False,Illinois,1pOl0KEC1iQnA6F0XxV4To,2005-07-05,day,22,album,Sufjan Stevens,4MXUO7sVCaFgFjoTI5ox5c,2023-03-13T19:07:11.811Z
"To The Workers of The Rock River Valley Region, I have an idea concerning your predicament, and it involves an inner tube, bath mats, and 21 able-bodied men",4nHnXZfr4IdxYgmYkH8ivZ,100760,36,False,Illinois,1pOl0KEC1iQnA6F0XxV4To,2005-07-05,day,22,album,Sufjan Stevens,4MXUO7sVCaFgFjoTI5ox5c,2023-03-13T19:13:15.141Z
The Man of Metropolis Steals Our Hearts,0kyZp51e1snCfUtDJlXVhq,377013,37,False,Illinois,1pOl0KEC1iQnA6F0XxV4To,2005-07-05,day,22,album,Sufjan Stevens,4MXUO7sVCaFgFjoTI5ox5c,2023-03-13T19:50:44.936Z
Prairie Fire That Wanders About,6VwLJAvYv7oUVKMAvC46sH,131373,34,False,Illinois,1pOl0KEC1iQnA6F0XxV4To,2005-07-05,day,22,album,Sufjan Stevens,4MXUO7sVCaFgFjoTI5ox5c,2023-03-13T19:54:00.410Z
A conjunction of drones simulating the way in which Sufjan Stevens has an existential crisis in the Great Godfrey Maze,4a82CKrAXdeHFJPTwEuEm8,19653,1,False,Illinois,1pOl0KEC1iQnA6F0XxV4To,2005-07-05,day,22,album,Sufjan Stevens,4MXUO7sVCaFgFjoTI5ox5c,2023-03-13T19:54:19.241Z
The Predatory Wasp of the Palisades Is Out to Get Us!,4wFBbeR03fah9nwy0isyO8,323013,47,False,Illinois,1pOl0KEC1iQnA6F0XxV4To,2005-07-05,day,22,album,Sufjan Stevens,4MXUO7sVCaFgFjoTI5ox5c,2023-03-13T19:59:42.582Z
They Are Night Zombies!! They Are Neighbors!! They Have Come Back From the Dead!! Ahhhh!,6pvwYMVs13EJ8jj4LMX0aV,309786,40,False,Illinois,1pOl0KEC1iQnA6F0XxV4To,2005-07-05,day,22,album,Sufjan Stevens,4MXUO7sVCaFgFjoTI5ox5c,2023-03-13T20:04:52.380Z
"Let's hear that string part again, because I don't think they heard it all the way out in Bushnell",6dZms5gdDcCFvfuBzGPRDH,40373,38,False,Illinois,1pOl0KEC1iQnA6F0XxV4To,2005-07-05,day,22,album,Sufjan Stevens,4MXUO7sVCaFgFjoTI5ox5c,2023-03-13T20:05:33.176Z
In This Temple As in The Hearts of Man For Whom He Saved The Earth,4AXlxpofniQO0rJrXuc3U5,35386,35,False,Illinois,1pOl0KEC1iQnA6F0XxV4To,2005-07-05,day,22,album,Sufjan Stevens,4MXUO7sVCaFgFjoTI5ox5c,2023-03-13T20:06:07.962Z
The Seer's Tower,4tcxg3xWf4y0V6mTt1VSFo,233986,35,False,Illinois,1pOl0KEC1iQnA6F0XxV4To,2005-07-05,day,22,album,Sufjan Stevens,4MXUO7sVCaFgFjoTI5ox5c,2023-03-13T20:10:01.748Z
"The Tallest Man, the Broadest Shoulders Part I: The Great Frontier Part II: Come to Me Only With Playthings Now",5LLa7Xb6xfRVpRXgjyevvM,422986,34,False,Illinois,1pOl0KEC1iQnA6F0XxV4To,2005-07-05,day,22,album,Sufjan Stevens,4MXUO7sVCaFgFjoTI5ox5c,2023-03-13T20:17:05.780Z
"Riffs and Variations on a single note for Jelly Roll, Earl Hines, Louis Armstrong, Baby Dodds, and the King of Swing, to name a few",0Hq2ZhF4uuDJheQBfsXU4p,46880,31,False,Illinois,1pOl0KEC1iQnA6F0XxV4To,2005-07-05,day,22,album,Sufjan Stevens,4MXUO7sVCaFgFjoTI5ox5c,2023-03-13T20:17:52.422Z
"Out of Egypt, into the Great Laugh of Mankind, and I shake the dirt from my sandals as I run",3zFy1R0QhiT3YMXTxV0KRd,261385,32,False,Illinois,1pOl0KEC1iQnA6F0XxV4To,2005-07-05,day,22,album,Sufjan Stevens,4MXUO7sVCaFgFjoTI5ox5c,2023-03-13T20:22:13.836Z
"Concerning the UFO sighting near Highland, Illinois",2BjRhZ2IJmsO1GRquNldsP,128985,50,False,Illinois,1pOl0KEC1iQnA6F0XxV4To,2005-07-05,day,22,album,Sufjan Stevens,4MXUO7sVCaFgFjoTI5ox5c,2023-03-13T20:24:22.891Z
"The Black Hawk War, Or, How to Demolish an Entire Civilization and Still Feel Good About Yourself In the Morning, Or, We Apologize for the Inconvenience But You're Going to Have to Leave Now, Or...",4LyO99BhEMAyVGe4J5genE,134786,38,False,Illinois,1pOl0KEC1iQnA6F0XxV4To,2005-07-05,day,22,album,Sufjan Stevens,4MXUO7sVCaFgFjoTI5ox5c,2023-03-13T20:26:38.013Z
Come On! Feel the Illinoise! Part I: The World's Columbian Exposition Part II: Carl Sandburg Visits Me In A Dream,3vbxQpZdIXJ3oALBd8OyQ6,405626,44,False,Illinois,1pOl0KEC1iQnA6F0XxV4To,2005-07-05,day,22,album,Sufjan Stevens,4MXUO7sVCaFgFjoTI5ox5c,2023-03-13T20:49:37.467Z
The Illest Villains,2Jn0wHQ2lEif2gLRsyfaf2,115360,50,True,Madvillainy,19bQiwEKhXUBJWY6oV3KZk,2004-03-24,day,22,album,Madvillain,2aoFQUeHD1U7pL098lRsDU,2023-03-13T21:17:14.296Z
Accordion,67vrmPygrZ9giGqHUSReAT,118853,63,True,Madvillainy,19bQiwEKhXUBJWY6oV3KZk,2004-03-24,day,22,album,Madvillain,2aoFQUeHD1U7pL098lRsDU,2023-03-13T21:19:12.355Z
Meat Grinder,4WM1hvYr2NC6bQnQXcj3sH,131866,67,True,Madvillainy,19bQiwEKhXUBJWY6oV3KZk,2004-03-24,day,22,album,Madvillain,2aoFQUeHD1U7pL098lRsDU,2023-03-13T21:21:24.549Z
Bistro,4kSYZCV2qlTpCPu0NnMoSR,67520,59,True,Madvillainy,19bQiwEKhXUBJWY6oV3KZk,2004-03-24,day,22,album,Madvillain,2aoFQUeHD1U7pL098lRsDU,2023-03-13T21:22:32.092Z
Raid,3KQh7ppbDxVjdJBtjvP5BU,150520,62,True,Madvillainy,19bQiwEKhXUBJWY6oV3KZk,2004-03-24,day,22,album,Madvillain,2aoFQUeHD1U7pL098lRsDU,2023-03-13T21:25:02.352Z
America's Most Blunted,1QmVaiJKcXUMMBfd1fonI0,234040,54,True,Madvillainy,19bQiwEKhXUBJWY6oV3KZk,2004-03-24,day,22,album,Madvillain,2aoFQUeHD1U7pL098lRsDU,2023-03-13T21:28:56.383Z
Sickfit,4NpMpsiq6LX8eikg9Gcvsj,81880,50,True,Madvillainy,19bQiwEKhXUBJWY6oV3KZk,2004-03-24,day,22,album,Madvillain,2aoFQUeHD1U7pL098lRsDU,2023-03-13T21:30:18.393Z
Rainbows,63qqAXlMFDKO9gkIMiq3KH,171840,50,True,Madvillainy,19bQiwEKhXUBJWY6oV3KZk,2004-03-24,day,22,album,Madvillain,2aoFQUeHD1U7pL098lRsDU,2023-03-13T21:33:10.396Z
Curls,0V3nTTKA24XKCayp8igU4l,95506,60,True,Madvillainy,19bQiwEKhXUBJWY6oV3KZk,2004-03-24,day,22,album,Madvillain,2aoFQUeHD1U7pL098lRsDU,2023-03-13T21:34:46.154Z
Do Not Fire!,1APrKVAuOsotWulrz0GyAz,52826,48,True,Madvillainy,19bQiwEKhXUBJWY6oV3KZk,2004-03-24,day,22,album,Madvillain,2aoFQUeHD1U7pL098lRsDU,2023-03-13T21:35:38.916Z
Money Folder,7N1Z5IAGMEWXZcxfpFt87k,182800,51,True,Madvillainy,19bQiwEKhXUBJWY6oV3KZk,2004-03-24,day,22,album,Madvillain,2aoFQUeHD1U7pL098lRsDU,2023-03-13T21:38:41.111Z
Shadows of Tomorrow,2DGrID7i8pkoqR2gHxnEHC,156186,49,True,Madvillainy,19bQiwEKhXUBJWY6oV3KZk,2004-03-24,day,22,album,Madvillain,2aoFQUeHD1U7pL098lRsDU,2023-03-13T21:41:17.919Z
Operation Lifesaver aka Mint Test,44lxKKHQuGj9Y99hnmtOTK,90133,48,True,Madvillainy,19bQiwEKhXUBJWY6oV3KZk,2004-03-24,day,22,album,Madvillain,2aoFQUeHD1U7pL098lRsDU,2023-03-13T21:42:47.733Z
Shadows of Tomorrow,2DGrID7i8pkoqR2gHxnEHC,156186,49,True,Madvillainy,19bQiwEKhXUBJWY6oV3KZk,2004-03-24,day,22,album,Madvillain,2aoFQUeHD1U7pL098lRsDU,2023-03-13T21:46:50.641Z
Operation Lifesaver aka Mint Test,44lxKKHQuGj9Y99hnmtOTK,90133,48,True,Madvillainy,19bQiwEKhXUBJWY6oV3KZk,2004-03-24,day,22,album,Madvillain,2aoFQUeHD1U7pL098lRsDU,2023-03-13T21:48:20.925Z
Figaro,7oFiFPltiQTBqVutyiSwvE,145706,62,True,Madvillainy,19bQiwEKhXUBJWY6oV3KZk,2004-03-24,day,22,album,Madvillain,2aoFQUeHD1U7pL098lRsDU,2023-03-13T21:50:46.351Z
Hardcore Hustle,43u5j2bJ6E9nZV3PbPAoAe,81920,47,True,Madvillainy,19bQiwEKhXUBJWY6oV3KZk,2004-03-24,day,22,album,Madvillain,2aoFQUeHD1U7pL098lRsDU,2023-03-13T21:52:08.486Z
Strange Ways,1JLvr8qmZ6hQM7H6MsIqHV,111666,52,True,Madvillainy,19bQiwEKhXUBJWY6oV3KZk,2004-03-24,day,22,album,Madvillain,2aoFQUeHD1U7pL098lRsDU,2023-03-13T21:53:59.354Z
Fancy Clown,1YgDGKyKhFlimPw3mLavPG,115826,65,True,Madvillainy,19bQiwEKhXUBJWY6oV3KZk,2004-03-24,day,22,album,Madvillain,2aoFQUeHD1U7pL098lRsDU,2023-03-13T21:55:55.362Z
Eye,7BQWkQjZ4RmzCehucHJmt3,117773,51,True,Madvillainy,19bQiwEKhXUBJWY6oV3KZk,2004-03-24,day,22,album,Madvillain,2aoFQUeHD1U7pL098lRsDU,2023-03-13T21:57:53.133Z
Supervillain Theme,2m10twwgw9NxzvlQkwCOIO,52720,50,True,Madvillainy,19bQiwEKhXUBJWY6oV3KZk,2004-03-24,day,22,album,Madvillain,2aoFQUeHD1U7pL098lRsDU,2023-03-13T21:58:46.516Z
All Caps,21O0XXPEWPtePt5RMY93Ob,130479,69,True,Madvillainy,19bQiwEKhXUBJWY6oV3KZk,2004-03-24,day,22,album,Madvillain,2aoFQUeHD1U7pL098lRsDU,2023-03-13T22:00:56.915Z
Great Day,2teH8BAM9q2oSmBre5hiQM,136920,52,True,Madvillainy,19bQiwEKhXUBJWY6oV3KZk,2004-03-24,day,22,album,Madvillain,2aoFQUeHD1U7pL098lRsDU,2023-03-13T22:03:13.638Z
Rhinestone Cowboy,1IM5em8ceA9Ukorn9xf19w,239826,52,True,Madvillainy,19bQiwEKhXUBJWY6oV3KZk,2004-03-24,day,22,album,Madvillain,2aoFQUeHD1U7pL098lRsDU,2023-03-13T22:07:13.581Z
The Illest Villains,2Jn0wHQ2lEif2gLRsyfaf2,115360,50,True,Madvillainy,19bQiwEKhXUBJWY6oV3KZk,2004-03-24,day,22,album,Madvillain,2aoFQUeHD1U7pL098lRsDU,2023-03-13T22:09:09.165Z
Accordion,67vrmPygrZ9giGqHUSReAT,118853,63,True,Madvillainy,19bQiwEKhXUBJWY6oV3KZk,2004-03-24,day,22,album,Madvillain,2aoFQUeHD1U7pL098lRsDU,2023-03-13T22:11:08.320Z
Meat Grinder,4WM1hvYr2NC6bQnQXcj3sH,131866,67,True,Madvillainy,19bQiwEKhXUBJWY6oV3KZk,2004-03-24,day,22,album,Madvillain,2aoFQUeHD1U7pL098lRsDU,2023-03-13T22:13:20.212Z
Bistro,4kSYZCV2qlTpCPu0NnMoSR,67520,59,True,Madvillainy,19bQiwEKhXUBJWY6oV3KZk,2004-03-24,day,22,album,Madvillain,2aoFQUeHD1U7pL098lRsDU,2023-03-13T22:14:27.318Z
15 Step,4oXg7xT4ksBxHTx8PcmSXw,237293,61,False,In Rainbows,5vkqYmiPBYLaalcmjujWxK,2007-12-28,day,10,album,Radiohead,4Z8W4fKeB5YxbusRsdQVPb,2023-03-13T22:20:30.039Z
Bodysnatchers,4pWIwnnqx8k01fuF95UMIg,242293,60,False,In Rainbows,5vkqYmiPBYLaalcmjujWxK,2007-12-28,day,10,album,Radiohead,4Z8W4fKeB5YxbusRsdQVPb,2023-03-13T22:24:32.444Z
Nude,35YyxFpE0ZTOoqFx5bADW8,255386,67,False,In Rainbows,5vkqYmiPBYLaalcmjujWxK,2007-12-28,day,10,album,Radiohead,4Z8W4fKeB5YxbusRsdQVPb,2023-03-13T22:28:47.728Z
Weird Fishes/ Arpeggi,4wajJ1o7jWIg62YqpkHC7S,318186,70,False,In Rainbows,5vkqYmiPBYLaalcmjujWxK,2007-12-28,day,10,album,Radiohead,4Z8W4fKeB5YxbusRsdQVPb,2023-03-13T22:34:05.102Z
All I Need,5Qv2Nby1xTr9pQyjkrc94J,228746,66,False,In Rainbows,5vkqYmiPBYLaalcmjujWxK,2007-12-28,day,10,album,Radiohead,4Z8W4fKeB5YxbusRsdQVPb,2023-03-13T22:59:58.852Z
Toxicity,0snQkGI5qnAmohLE7jTsTn,218933,79,False,Toxicity,6jWde94ln40epKIQCd8XUh,2001-09-04,day,15,album,System Of A Down,5eAWCfyUhZtHHtBdNk56l1,2023-03-14T01:38:39.036Z
I Am the Sun,057F4Msuc8aLxhNfCJEQhG,203360,15,False,Great Annihilator,2fsP2ce5NN9pU9X74QWmOK,1995-01-01,day,17,album,Swans,79S80ZWgVhIPMCHuvl6SkA,2023-03-14T01:42:03.181Z
Nosferatu Man,55sPjd9D4VelNiR70Y1cCr,334973,41,False,Spiderland,2NnkLRaeX33d1Mn8ZLgTo8,1991-03-15,day,6,album,Slint,4IwOItqRhsIoRuD5HP4vyC,2023-03-14T01:47:38.714Z
Little Birds - Live [2014],337ozPp0qC9WVOtqeA6vW0,373975,38,False,Little Birds,6W06B6AqeuOXBAIKGqbGHT,2023-01-10,day,2,single,Neutral Milk Hotel,2ooIqOf4X2uz4mMptXCtie,2023-03-14T03:56:06.731Z
Flume,0bhBtXHQX3u6dSAPF59qGx,219000,61,False,"For Emma, Forever Ago",7EJ0OT5ZqybXxcYRa6mccM,2008-02-19,day,9,album,Bon Iver,4LEiUm1SRbFMgfqnQTwUbQ,2023-03-14T03:59:44.472Z
King of Carrot Flowers Pts. 2 & 3,1ULovMYbbglXIn9TQzMsKz,186280,49,False,In the Aeroplane Over the Sea,0vVekV45lOaVKs6RZQQNob,1998-02-20,day,11,album,Neutral Milk Hotel,2ooIqOf4X2uz4mMptXCtie,2023-03-14T05:14:05.670Z
King of Carrot Flowers Pts. 2 & 3,1ULovMYbbglXIn9TQzMsKz,186280,49,False,In the Aeroplane Over the Sea,0vVekV45lOaVKs6RZQQNob,1998-02-20,day,11,album,Neutral Milk Hotel,2ooIqOf4X2uz4mMptXCtie,2023-03-14T06:12:15.372Z
Sit In The Middle Of Three Galloping Dogs,2QmslZOeenMgHuMlNUsRe0,308520,28,False,He Has Left Us Alone But Shafts Of Light Sometimes Grace The Corner Of Our Rooms,298tKa2DPLT9GNmY8vsvLj,2000-03-13,day,8,album,Silver Mt. Zion,0bRpSBtMd3stO4J6TWclMb,2023-03-14T06:24:43.879Z
Mother of the World,5zNQPB67iLm11Zyg6hwiQX,597253,24,False,The Seer,774XM9c4BAxkNqvu7Rea1E,2012-01-01,day,11,album,Swans,79S80ZWgVhIPMCHuvl6SkA,2023-03-14T06:36:26.817Z
Lunacy,00DVtdi8lE9em4GdOADTvH,368986,27,False,The Seer,774XM9c4BAxkNqvu7Rea1E,2012-01-01,day,11,album,Swans,79S80ZWgVhIPMCHuvl6SkA,2023-03-14T06:42:36.422Z
Hacker,7y8X0Z04gJCKtfrnSAMywJ,275520,54,True,The Money Store,1PQDjdBpHPikAodJqjzm6a,2012-04-23,day,13,album,Death Grips,5RADpgYLOuS2ZxDq7ggYYH,2023-03-14T06:47:12Z
Bring the Sun / Toussaint L'Ouverture,1Fiwuxs4a6DwSJkvvl3lz1,2045258,28,False,To Be Kind,1WwiyWxa40PKucRxIKlEVM,2014-05-12,day,10,album,Swans,79S80ZWgVhIPMCHuvl6SkA,2023-03-14T07:21:18.340Z
"Good Morning, Captain",1BNZMXjqqULiV0DmFU1B8S,459333,43,False,Spiderland,2NnkLRaeX33d1Mn8ZLgTo8,1991-03-15,day,6,album,Slint,4IwOItqRhsIoRuD5HP4vyC,2023-03-14T07:28:58.136Z
Hunter,052QjISGAv9TPgtypVETn1,583160,43,False,Deathconsciousness,6MH3CAXp8AN8ELrbex18dM,2008-01-01,day,13,album,Have A Nice Life,0FRKTwQSToXpCxYMhyUzYY,2023-03-14T07:38:41.684Z
Mladic,7C74YYs3w11kyXBYBgD3Zq,1199533,30,False,Allelujah! Don't Bend! Ascend!,1OhcoQdeYqt68I22NWEdF0,2012-10-15,day,4,album,Godspeed You! Black Emperor,4svpOyfmQKuWpHLjgy4cdK,2023-03-14T07:58:41.254Z
Nathalie Neal,2D0WxpHI4Mk5uPOlDZzM6H,614965,21,False,To Be Kind,1WwiyWxa40PKucRxIKlEVM,2014-05-12,day,10,album,Swans,79S80ZWgVhIPMCHuvl6SkA,2023-03-14T08:08:56.458Z
A Little God in My Hands,3YiQ2tsI1CQbK3txKW2Tvu,428173,32,False,To Be Kind,1WwiyWxa40PKucRxIKlEVM,2014-05-12,day,10,album,Swans,79S80ZWgVhIPMCHuvl6SkA,2023-03-14T08:16:06.077Z
Blackstar,0Fao855T3klV3REFRFHRF3,597933,48,False,Blackstar,2w1YJXWMIco6EBf0CovvVN,2016-01-08,day,7,album,David Bowie,0oSGxfWSnnOXhD2fKuz2Gy,2023-03-14T08:26:03.597Z
Screen Shot,2PzNFF5P9ezfuGpuyHPdyV,484532,38,False,To Be Kind,1WwiyWxa40PKucRxIKlEVM,2014-05-12,day,10,album,Swans,79S80ZWgVhIPMCHuvl6SkA,2023-03-14T08:34:09.364Z
I Was a Prisoner in Your Skull,2EuOoBJJ0qPxGYou7nG1F4,399133,25,False,Soundtracks for the Blind,7yV8WpwCChvzW3qr5MuzMf,1996-10-22,day,26,album,Swans,79S80ZWgVhIPMCHuvl6SkA,2023-03-14T08:40:48.957Z
Undo,0lhuD47gUUYuBNnYCrVGh9,338400,38,False,Vespertine,4u3MPfHM60rFFULJebZIay,2001-08-27,day,12,album,Björk,7w29UYBi0qsHi5RTcv3lmA,2023-03-14T15:44:57.919Z
anything,4PwWESSlTwzvw9B7bmtTLS,202047,58,False,songs,2Qt8Z1LB3Fsrf6nhBNsvUJ,2020-10-23,day,11,album,Adrianne Lenker,4aKWmkWAKviFlyvHYPTNQY,2023-03-14T17:02:48.764Z
Neighborhood #4 (7 Kettles),6oMBDrzwGG1BzCoZyPyGuG,289733,39,False,Funeral,6ZB8qaR9JNuS0Q0bG1nbcH,2004-06-16,day,10,album,Arcade Fire,3kjuyTCjPG1WMFCiyc5IuB,2023-03-14T17:07:39.401Z
Flume,0bhBtXHQX3u6dSAPF59qGx,219000,61,False,"For Emma, Forever Ago",7EJ0OT5ZqybXxcYRa6mccM,2008-02-19,day,9,album,Bon Iver,4LEiUm1SRbFMgfqnQTwUbQ,2023-03-14T17:11:18.620Z
BLOODY STREAM,3BSPKTravgBDjmuG1rIXvw,261920,64,False,BLOODY STREAM,3Jyv6ZSMdzPKSd83r75dLW,2013-01-30,day,2,single,Coda,2xcKG6XtsW4NV5zMXWuL6n,2023-03-14T17:17:06.552Z
Flume,0bhBtXHQX3u6dSAPF59qGx,219000,61,False,"For Emma, Forever Ago",7EJ0OT5ZqybXxcYRa6mccM,2008-02-19,day,9,album,Bon Iver,4LEiUm1SRbFMgfqnQTwUbQ,2023-03-14T17:20:46.639Z
Can't You See,5jLCvlRBoTn8tbj7OaxAGX,220933,25,False,Public Strain,6LXxaLlPn935COOJwB2wCV,2010-08-24,day,11,album,Women,2uf32eac3VFGHBonRKaLXQ,2023-03-14T17:24:16.420Z
Hoppípolla,6eTGxxQxiTFE6LfZHC33Wm,270013,53,False,Takk...,3sE83l3A58DipFp3EzNLiE,2005-08-22,day,11,album,Sigur Rós,6UUrUCIZtQeOf8tC0WuzRy,2023-03-14T17:30:44.269Z
"Near DT, MI",5jXzG56pDO74wRBG7GBoyf,140466,45,False,Schlagenheim,5M9SijJoRgczSknq2LaHJN,2019-06-21,day,9,album,black midi,7Hvq85OU8T7Hsd63zNBwaL,2023-03-14T17:33:05.414Z
불면증 Insomnia,12CBYIHjFqbObXTxrDmoJ5,275250,24,False,불면증 Insomnia,4M4IFK5IFYn4bIcU7QI2hE,2022-11-09,day,1,single,Parannoul,7eZbNxarrTW4VkRI8u9aDX,2023-03-14T17:38:52.124Z
Young Dumb & Broke,5Z3GHaZ6ec9bsiI5BenrbY,202546,78,False,American Teen,6kf46HbnYCZzP6rjvQHYzg,2017-04-27,day,15,album,Khalid,6LuN9FCkKOj5PcnpouEgny,2023-03-14T17:42:15.123Z
Warm Tape,5Gaa7hN370tdYzMdmprK5b,255973,35,False,By the Way,1jWKVgnHX8nwR551hQNx5K,2002-07-09,day,16,album,Red Hot Chili Peppers,0L8ExT028jH3ddEcZwqJJ5,2023-03-14T17:46:31.695Z
Oh Klahoma,6SZwj6cjc8JQbkrr8cbIUn,185223,69,False,Pop Food,1RHa1VdX6lsLbeedgsV1cb,2017-03-25,day,11,album,Jack Stauber,1vVHevk2PD45epYnDi9CCc,2023-03-14T17:49:37.501Z
Range Life,6jR6FMCEoWGdEpFVRlMZM7,294760,49,True,"Crooked Rain, Crooked Rain",1XFNz6KIvLyIsLFOiLRKqP,1994-02-14,day,12,album,Pavement,3inCNiUr4R6XQ3W43s9Aqi,2023-03-14T17:54:32.599Z
Aheym,5G6E55eG8tvQrwlSAee9bh,599654,18,False,Aheym,7niMyBNBYrDYDNX2sNECjN,2013-11-05,day,4,album,Bryce Dessner,5HHKeO04SOcxUxjruFXf5l,2023-03-14T18:04:32.175Z
The Smell of a Midsummer Night,319KnlR2nH5rXprCqlyCtK,233306,27,False,Heard that there's good pasta,4r59WawogtpQYeO8tcBBcA,2020-09-09,day,12,album,Aimyon,5kVZa4lFUmAQlBogl1fkd6,2023-03-14T18:08:25.855Z
BTSTU - Demo,59bvVhQYDomd4zc1gWYc3z,210880,41,True,Leak 04-13 (Bait Ones),4bCsLPQuCdQQBQOLs5MuNr,2013-04-13,day,16,album,Jai Paul,53wZLCnhshZKDRs3uopFBc,2023-03-14T18:15:58.375Z
Reckoner,02ppMPbg1OtEdHgoPqoqju,290213,63,False,In Rainbows,5vkqYmiPBYLaalcmjujWxK,2007-12-28,day,10,album,Radiohead,4Z8W4fKeB5YxbusRsdQVPb,2023-03-14T18:20:49.697Z
Falling,29dVlSfv2bvNCOoq1NMXSc,416553,26,False,Plays the Music of Twin Peaks,7dUOVdmLAEzqu5rvxYKUfA,2016-08-19,day,12,album,Xiu Xiu,5JLqvjW3Nyom2OsRUyFsS9,2023-03-14T18:27:02.292Z
ghost,3nfosq8fXaM506M6L52kjI,321893,30,False,光の中に,38ynpfIMWM4ZM4u77tdWjR,2019-05-29,day,13,album,踊ってばかりの国,0FA31wmImS3Px3LyRxtiS2,2023-03-15T00:39:47.476Z
In the Aeroplane Over the Sea,5rfT032kGmLvbxZzfHlu5D,202346,63,False,In the Aeroplane Over the Sea,0vVekV45lOaVKs6RZQQNob,1998-02-20,day,11,album,Neutral Milk Hotel,2ooIqOf4X2uz4mMptXCtie,2023-03-15T00:48:38.654Z
"Good Morning, Captain",1BNZMXjqqULiV0DmFU1B8S,459333,43,False,Spiderland,2NnkLRaeX33d1Mn8ZLgTo8,1991-03-15,day,6,album,Slint,4IwOItqRhsIoRuD5HP4vyC,2023-03-15T01:12:13.265Z
"Call It Fate, Call It Karma",3Y4rUyw7XBCK6hGHCOt6rp,204773,69,False,Comedown Machine,4WnkQO4xD9ljQooB3VIxCV,2013-03-25,day,11,album,The Strokes,0epOFNiUfyON9EYx7Tpr6V,2023-03-15T01:15:38.408Z
Hidden Place,4c6LgotpKGB791EsNeu9gr,329360,44,False,Vespertine,4u3MPfHM60rFFULJebZIay,2001-08-27,day,12,album,Björk,7w29UYBi0qsHi5RTcv3lmA,2023-03-15T01:43:48.073Z
Hidden Place,4c6LgotpKGB791EsNeu9gr,329360,44,False,Vespertine,4u3MPfHM60rFFULJebZIay,2001-08-27,day,12,album,Björk,7w29UYBi0qsHi5RTcv3lmA,2023-03-15T02:23:36.805Z
Battery Kinzie,64rUORJh4zikFaieRu9xVq,169000,38,False,Helplessness Blues,7D0rCfJjFj9x0bdgRKtvzb,2011-05-03,day,12,album,Fleet Foxes,4EVpmkEwrLYEg6jIsiPMIb,2023-03-15T02:33:57.333Z
anything,4PwWESSlTwzvw9B7bmtTLS,202047,58,False,songs,2Qt8Z1LB3Fsrf6nhBNsvUJ,2020-10-23,day,11,album,Adrianne Lenker,4aKWmkWAKviFlyvHYPTNQY,2023-03-15T02:37:19.664Z
Two-Headed Boy,27AG99NmWMFLRoyZMMPNW2,266106,52,False,In the Aeroplane Over the Sea,0vVekV45lOaVKs6RZQQNob,1998-02-20,day,11,album,Neutral Milk Hotel,2ooIqOf4X2uz4mMptXCtie,2023-03-15T02:41:47.334Z
Love More,6wleKOJoHGaOPtJJWvJes6,272067,33,False,Love More,6CKCSM8cVK7JfKYptn3FU4,2021-04-15,day,1,single,Fiona Apple,3g2kUQ6tHLLbmkV7T4GPtL,2023-03-15T02:46:19.591Z
When I'm Small,0PERS23jNsjcjBywXLvpyc,249066,58,False,Eyelid Movies,4EbDqql0TmQPSDaSgDnoEZ,2010,year,11,album,Phantogram,1l9d7B8W0IHy3LqWsxP2SH,2023-03-15T02:50:28.771Z
Space Song,1ujxjsoNvh4XgS2fUNwkZ2,320466,73,False,Depression Cherry,5tTmosmyV33wCiwniZc4Qs,2015-08-28,day,9,album,Beach House,56ZTgzPBDge0OvCGgMO3OY,2023-03-15T02:55:49.694Z
夜鷹,2hnrioxoZCljW6VbbO0Bvv,313826,33,False,eureka,3PYWQo89juaAr0HooKtfEH,2013-02-06,day,9,album,Kinokoteikoku,61H9d7hbIfFNxJJQmIL9AJ,2023-03-15T03:01:04.535Z
Nevena,54vidYRPVYnv8aB6yGRv98,223501,25,False,Chronovision,4TAmYdA51CgKukT5moHIMh,2015-10-09,day,12,album,Oberhofer,5zb7wVUx1vTXLB6HX26EnX,2023-03-15T03:04:47.963Z
Pleaser,11zf7m4vw9Ze7cer9Nyhk1,187895,66,False,Pleaser,3XwLvPyeeyTjFKeBdtC978,2017-04-12,day,1,single,Wallows,0NIPkIjTV8mB795yEIiPYL,2023-03-15T03:19:19.826Z
Some Summers They Drop Like Flys,1SRR4NhSAhvreSHKQBtplB,379693,18,False,"Whatever You Love, You Are",2UjPnsZmxzCOPVkGzPm7G4,2000-01-01,day,6,album,Dirty Three,1QUsHFoDqNsC0W9AlNyHWF,2023-03-15T07:01:40.937Z
13 Angels Standing Guard 'Round The Side Of Your Bed,7jbLjvNlKbfCRUoFWKo5TR,442293,47,False,He Has Left Us Alone But Shafts Of Light Sometimes Grace The Corner Of Our Rooms,298tKa2DPLT9GNmY8vsvLj,2000-03-13,day,8,album,Silver Mt. Zion,0bRpSBtMd3stO4J6TWclMb,2023-03-15T07:22:31.654Z
Messenger,6cAbIQ5tachruXGBnXNuQ1,201826,34,False,Misery Is a Butterfly,2IOkphZwsrRk1nWRkikEgK,2004-03-15,day,11,album,Blonde Redhead,5isqImG0rLfAgBJSPMEVXF,2023-03-15T13:51:32.310Z
Long Lost,3UogKIjMzKOTRN1VyuBZFP,284687,45,False,Long Lost,5gEBQoKHOrgTXRLYMUKCly,2021-04-16,day,3,single,Lord Huron,6ltzsmQQbmdoHHbLZ4ZN25,2023-03-15T13:56:17.466Z
Wandering 流浪,4XohDrRx2g5CzH9DSWQOPD,114000,30,False,Hurtbreak Wonderland,7KtBhRWitpnHoma8UWiDgz,2007-03-23,day,10,album,World's End Girlfriend,3lqgWxgqJb19h62n19FKQp,2023-03-15T13:58:06.268Z
Crown of Love,3kusLGvgYkZldKfoDoJklR,282333,44,False,Funeral,6ZB8qaR9JNuS0Q0bG1nbcH,2004-06-16,day,10,album,Arcade Fire,3kjuyTCjPG1WMFCiyc5IuB,2023-03-15T14:18:23.828Z
Map,2quALV4FWOVawNuf8SEHl1,300693,33,False,"The Glow, Pt. 2",6QYoRO2sXThCORAifrP4Bl,2001-09-11,day,20,album,The Microphones,7Ht57YadlBXcFJDK3plmhO,2023-03-15T14:30:15.154Z
Long Lost,3UogKIjMzKOTRN1VyuBZFP,284687,45,False,Long Lost,5gEBQoKHOrgTXRLYMUKCly,2021-04-16,day,3,single,Lord Huron,6ltzsmQQbmdoHHbLZ4ZN25,2023-03-15T14:35:00.470Z
Flume,0bhBtXHQX3u6dSAPF59qGx,219000,61,False,"For Emma, Forever Ago",7EJ0OT5ZqybXxcYRa6mccM,2008-02-19,day,9,album,Bon Iver,4LEiUm1SRbFMgfqnQTwUbQ,2023-03-15T14:38:47.591Z
Nevena,54vidYRPVYnv8aB6yGRv98,223501,25,False,Chronovision,4TAmYdA51CgKukT5moHIMh,2015-10-09,day,12,album,Oberhofer,5zb7wVUx1vTXLB6HX26EnX,2023-03-15T14:44:33.764Z
Some Summers They Drop Like Flys,1SRR4NhSAhvreSHKQBtplB,379693,18,False,"Whatever You Love, You Are",2UjPnsZmxzCOPVkGzPm7G4,2000-01-01,day,6,album,Dirty Three,1QUsHFoDqNsC0W9AlNyHWF,2023-03-15T15:36:26.912Z
夜鷹,2hnrioxoZCljW6VbbO0Bvv,313826,33,False,eureka,3PYWQo89juaAr0HooKtfEH,2013-02-06,day,9,album,Kinokoteikoku,61H9d7hbIfFNxJJQmIL9AJ,2023-03-15T15:41:41.414Z
I Shall Love 2,4VxGlr9PawFDaThx20USnS,318546,23,False,Aviary,6icpwcJQWK4nq9Xilk4yRu,2018-10-26,day,15,album,Julia Holter,0bsV0sUjnCuCTYOnNHQl3E,2023-03-15T15:47:00.236Z
"Jesus, Etc. - 2022 Remaster",5JuYLzlxsSewBjO4v9a04U,231706,55,False,Yankee Hotel Foxtrot (2022 Remaster),6PanEvuo9ZNvGT39v50xp6,2002,year,11,album,Wilco,2QoU3awHVdcHS8LrZEKvSM,2023-03-15T15:50:52.077Z
anything,4PwWESSlTwzvw9B7bmtTLS,202047,58,False,songs,2Qt8Z1LB3Fsrf6nhBNsvUJ,2020-10-23,day,11,album,Adrianne Lenker,4aKWmkWAKviFlyvHYPTNQY,2023-03-15T15:54:14.934Z
Blister In The Sun,7jIAttgQTpLDoNtykIQXjH,145706,68,False,Violent Femmes,0Ojio25IPzIrw1rUmgrhrG,1983-01-01,day,12,album,Violent Femmes,0rpMdBzQXf7aYRnu5fDBJy,2023-03-15T15:56:41.411Z
Wandering 流浪,4XohDrRx2g5CzH9DSWQOPD,114000,30,False,Hurtbreak Wonderland,7KtBhRWitpnHoma8UWiDgz,2007-03-23,day,10,album,World's End Girlfriend,3lqgWxgqJb19h62n19FKQp,2023-03-15T15:58:35.878Z
Little Birds - Live [2014],337ozPp0qC9WVOtqeA6vW0,373975,38,False,Little Birds,6W06B6AqeuOXBAIKGqbGHT,2023-01-10,day,2,single,Neutral Milk Hotel,2ooIqOf4X2uz4mMptXCtie,2023-03-15T16:04:49.625Z
Please Do Not Go,4sxVoAf7uvxCSgTCRNDohP,255400,44,False,Violent Femmes,0Ojio25IPzIrw1rUmgrhrG,1983-01-01,day,12,album,Violent Femmes,0rpMdBzQXf7aYRnu5fDBJy,2023-03-15T16:09:06.133Z
In the Aeroplane Over the Sea,5rfT032kGmLvbxZzfHlu5D,202346,63,False,In the Aeroplane Over the Sea,0vVekV45lOaVKs6RZQQNob,1998-02-20,day,11,album,Neutral Milk Hotel,2ooIqOf4X2uz4mMptXCtie,2023-03-15T16:12:29.170Z
"Holland, 1945",64DpBZj4IlDFzCwxTq7azl,192533,57,False,In the Aeroplane Over the Sea,0vVekV45lOaVKs6RZQQNob,1998-02-20,day,11,album,Neutral Milk Hotel,2ooIqOf4X2uz4mMptXCtie,2023-03-15T16:15:42.824Z
13 Angels Standing Guard 'Round The Side Of Your Bed,7jbLjvNlKbfCRUoFWKo5TR,442293,47,False,He Has Left Us Alone But Shafts Of Light Sometimes Grace The Corner Of Our Rooms,298tKa2DPLT9GNmY8vsvLj,2000-03-13,day,8,album,Silver Mt. Zion,0bRpSBtMd3stO4J6TWclMb,2023-03-15T16:30:22.801Z
Hey Jane,151g5hGUYDxImwHO3fZnd5,534825,18,False,Sweet Heart Sweet Light,6MQRQ17HwDLjNFLBQ4PCYa,2012-04-16,day,11,album,Spiritualized,6DKmuXxXASTF6xaJwcTfjv,2023-03-15T19:20:26.795Z
Hidden Place,4c6LgotpKGB791EsNeu9gr,329360,45,False,Vespertine,4u3MPfHM60rFFULJebZIay,2001-08-27,day,12,album,Björk,7w29UYBi0qsHi5RTcv3lmA,2023-03-15T19:25:43.440Z
Storm,1HfJV18PHF2UQqh4TuySBJ,1352413,44,False,Lift Your Skinny Fists Like Antennas to Heaven,2rT82YYlV9UoxBYLIezkRq,2000-01-01,day,4,album,Godspeed You! Black Emperor,4svpOyfmQKuWpHLjgy4cdK,2023-03-15T19:49:16.661Z
Hunter,052QjISGAv9TPgtypVETn1,583160,43,False,Deathconsciousness,6MH3CAXp8AN8ELrbex18dM,2008-01-01,day,13,album,Have A Nice Life,0FRKTwQSToXpCxYMhyUzYY,2023-03-15T19:59:01.080Z
Amnesia,1Jx5nuSNFZ4dmGSPYxCI6R,349721,17,False,leaving meaning.,6tfSlxSuQb6CWNncrO07wn,2019-10-25,day,12,album,Swans,79S80ZWgVhIPMCHuvl6SkA,2023-03-15T20:04:50.347Z
Lunacy,00DVtdi8lE9em4GdOADTvH,368986,27,False,The Seer,774XM9c4BAxkNqvu7Rea1E,2012-01-01,day,11,album,Swans,79S80ZWgVhIPMCHuvl6SkA,2023-03-15T20:11:00.581Z
Just a Little Boy (For Chester Burnett),1kt1Xf4Q6qCAVFB0KOUcAW,759748,29,False,To Be Kind,1WwiyWxa40PKucRxIKlEVM,2014-05-12,day,10,album,Swans,79S80ZWgVhIPMCHuvl6SkA,2023-03-15T20:23:40.619Z
Mladic,7C74YYs3w11kyXBYBgD3Zq,1199533,30,False,Allelujah! Don't Bend! Ascend!,1OhcoQdeYqt68I22NWEdF0,2012-10-15,day,4,album,Godspeed You! Black Emperor,4svpOyfmQKuWpHLjgy4cdK,2023-03-15T20:45:02.897Z
Panoramic,3xPuz8NO4bTDsUf13d4z05,229840,1,False,Subject To Shift,3I3rg7fvbHatRl5nWnGPHF,2010-05-25,day,12,album,Solvent,46TYNnrpqzYjm5HjaMBVhj,2023-03-16T00:51:54.394Z
Zen Archer - 2015 Remaster,68fJKEFaEavY3CurGGCWXc,335333,32,False,A Wizard / A True Star,1RSC0dy1oOIS3RO8tomZOV,1972,year,19,album,Todd Rundgren,0Lpr5wXzWLtDWm1SjNbpPb,2023-03-16T00:57:30.133Z
LEGEND,1E1opYkGrFzzJnHyVHDZvq,157752,44,True,LEGEND,4eLLKhnfVgXbNeiZfKXWfb,2021-05-27,day,2,single,Alice Longyu Gao,5HvKzBgj4yphQfBJjBJrhL,2023-03-16T01:55:25.570Z
Shadows of Tomorrow,2DGrID7i8pkoqR2gHxnEHC,156186,49,True,Madvillainy,19bQiwEKhXUBJWY6oV3KZk,2004-03-24,day,22,album,Madvillain,2aoFQUeHD1U7pL098lRsDU,2023-03-16T01:59:38.471Z
Mad World,0LuVpXVTaWY9Un2w9GkXjf,184813,56,False,Donnie Darko (Original Motion Picture Soundtrack),14YY4AaUCXICymdzNYBUS3,2002-04-02,day,18,album,Michael Andrews,0RkqytrwoGyXGvDiZwT6i2,2023-03-16T02:11:53.255Z
Tourbillon,1s0bEvGacA2v7ziVKqCpFg,196310,43,False,Character,4ZJaiFAnvdNlQbuVaMdjcR,2013-02-25,day,10,album,Julia Kent,2YJXo1ERQAO7r4hQtu2vFc,2023-03-16T02:15:59.899Z
Paranoid Android,6LgJvl0Xdtc73RJ1mmpotq,387213,67,False,OK Computer,6dVIqQ8qmQ5GBnJ9shOYGE,1997-05-28,day,12,album,Radiohead,4Z8W4fKeB5YxbusRsdQVPb,2023-03-16T02:22:27.694Z
Feel Good Inc. - Noodle's Demo,31aIGeFdsvAWRUOgLBOYjp,169280,26,False,Feel Good Inc.,1PaGSrBTNm4CX66AH6HRfk,2007-01-05,day,2,single,Gorillaz,3AA28KZvwAUcZuOKwyblJQ,2023-03-16T02:25:16.872Z
CARONTE,6VQf7dQiuCR1PxrKcMGndq,280408,36,False,LP5,6J9GbkoHKjabs0wpxbNSjf,2019-03-22,day,10,album,Apparat,40Ojab0UtVQFjA76qXr8Ot,2023-03-16T02:29:58.525Z
All Caps,21O0XXPEWPtePt5RMY93Ob,130479,69,True,Madvillainy,19bQiwEKhXUBJWY6oV3KZk,2004-03-24,day,22,album,Madvillain,2aoFQUeHD1U7pL098lRsDU,2023-03-16T02:32:08.517Z
Mother of the World,5zNQPB67iLm11Zyg6hwiQX,597253,24,False,The Seer,774XM9c4BAxkNqvu7Rea1E,2012-01-01,day,11,album,Swans,79S80ZWgVhIPMCHuvl6SkA,2023-03-16T02:42:06.864Z
Ttrabul 2 (see page 42),20fYwcE5fly6uwvcR9csr5,126225,25,False,"A Quiet Farwell, 2016–2018 (Crater Speak)",4bVaZIed4Ij5dPF0mh9AKn,2019-04-18,day,20,album,Slauson Malone,6mWYIx4qV7et94cpRRU77N,2023-03-16T02:44:13.895Z
Wolf Totem,5hISmTJXBXdOes4htbUhGk,338000,58,False,The Gereg,6YIA45KnCATXRzPFOeA9S8,2019-09-13,day,9,album,The HU,0b2B3PwcYzQAhuJacmcYgc,2023-03-16T02:49:52.337Z
Neighborhood #4 (7 Kettles),6oMBDrzwGG1BzCoZyPyGuG,289733,39,False,Funeral,6ZB8qaR9JNuS0Q0bG1nbcH,2004-06-16,day,10,album,Arcade Fire,3kjuyTCjPG1WMFCiyc5IuB,2023-03-16T02:54:42.327Z
New Beginning,5o0uaVSaJimlNKnvDdggX6,239320,31,False,New Beginning,62yIxSvT6Yvl0uYKuuYBLw,2022-03-08,day,1,single,Automatic,3uX1tstdmFJyxW9b5mSNlU,2023-03-16T02:58:42.532Z
Doorman,70tIjdBrjUQkUG9jScQyoo,183541,36,False,Doorman,4w7LXZqsnYnZsLNHeL7dZs,2018-11-19,day,1,single,slowthai,3r1XkJ7vCs8kHBSzGvPLdP,2023-03-16T03:01:46.372Z
Love More,6wleKOJoHGaOPtJJWvJes6,272067,33,False,Love More,6CKCSM8cVK7JfKYptn3FU4,2021-04-15,day,1,single,Fiona Apple,3g2kUQ6tHLLbmkV7T4GPtL,2023-03-16T03:06:18.907Z
Getting Rid of Britta,07dcoHmvDST7SAUH0sdEjR,135466,31,False,Community (Music from the Original Television Series),77zG86AuaTUOW86nucgUQq,2010-09-21,day,18,compilation,Chevy Chase,3dTRE9QHOhfgDugxbwlr4b,2023-03-16T03:08:34.292Z
Headless Horseman,2Qhkk4hPdkt3NIVtiT8QEe,188640,44,False,"The Glow, Pt. 2",6QYoRO2sXThCORAifrP4Bl,2001-09-11,day,20,album,The Microphones,7Ht57YadlBXcFJDK3plmhO,2023-03-16T03:13:06.807Z
Pretty Little Angel Eyes,6V78SGCT1pus499ShyOT6K,153666,35,False,Pop Megahits Of The 1960's - Volume 10,1hdQSrtpp21hIxgfPAUSKp,2005,year,10,compilation,Curtis Lee,2CM4LFqAr2MS4rIp25pxfg,2023-03-16T03:15:41.338Z
Irene,6z2HVggp7shFEz6Zrxkoz0,218000,34,False,Andorra,1qVjmAeHdqEeB2DuyvbTYz,2007-08-17,day,9,album,Caribou,4aEnNH9PuU1HF3TsZTru54,2023-03-16T03:19:19.859Z
Armstrong Cabin,0UJEym12sdx3m5UlY2HYfp,75706,61,False,First Man (Original Motion Picture Soundtrack),4NFpOHIv0hJa9of0IQsgKw,2018-10-12,day,37,album,Justin Hurwitz,2snm3HmsnDUDxbIChdl2Oj,2023-03-16T03:21:18.995Z
Cool Water,1ES7XKxHXDffi1e7oWMYZf,103897,38,False,The Ballad of Buster Scruggs (Original Motion Picture Soundtrack),49LMaIDJrjajaB7Mc2eedE,2018,year,23,album,Tim Blake Nelson,47BeQuGc93Anrs5SbuBJ0f,2023-03-16T03:23:36.496Z
Butterflies,19dObDGedr40x1UcAm15qz,195937,64,False,Quest For Fire,7tWP3OG5dWphctKg4NMACt,2023-02-17,day,15,album,Skrillex,5he5w2lnU9x7JFhnwcekXX,2023-03-16T03:38:47.233Z
Song Against Sex,2eBKmAwu3E80Fx8XmJJfKZ,221426,31,True,On Avery Island,1r4wYf0rQKB2sVdHkNPBnI,1996-01-01,day,14,album,Neutral Milk Hotel,2ooIqOf4X2uz4mMptXCtie,2023-03-16T15:44:23.564Z
The Plains / Bitter Dancer,5Z45r13JrsFiOb6MJFnpKi,353906,34,False,Helplessness Blues,7D0rCfJjFj9x0bdgRKtvzb,2011-05-03,day,12,album,Fleet Foxes,4EVpmkEwrLYEg6jIsiPMIb,2023-03-16T15:50:17.699Z
In the Aeroplane Over the Sea,5rfT032kGmLvbxZzfHlu5D,202346,63,False,In the Aeroplane Over the Sea,0vVekV45lOaVKs6RZQQNob,1998-02-20,day,11,album,Neutral Milk Hotel,2ooIqOf4X2uz4mMptXCtie,2023-03-16T15:53:41.145Z
Love Will Tear Us Apart - 2020 Remaster,34iOH7LY3vme5rQxsVILZ4,208453,68,False,Love Will Tear Us Apart,0u0CJa9zwFbGSU8JWQYS5G,1980-06-01,day,3,single,Joy Division,432R46LaYsJZV2Gmc4jUV5,2023-03-16T15:57:09.909Z
Crown of Love,3kusLGvgYkZldKfoDoJklR,282333,44,False,Funeral,6ZB8qaR9JNuS0Q0bG1nbcH,2004-06-16,day,10,album,Arcade Fire,3kjuyTCjPG1WMFCiyc5IuB,2023-03-16T16:01:52.924Z
"Jesus, Etc. - 2022 Remaster",5JuYLzlxsSewBjO4v9a04U,231706,55,False,Yankee Hotel Foxtrot (2022 Remaster),6PanEvuo9ZNvGT39v50xp6,2002,year,11,album,Wilco,2QoU3awHVdcHS8LrZEKvSM,2023-03-16T16:05:45.354Z
Nonphenomenal Lineage,6IMFaGBruL0Jm3MNptbTqO,191426,30,False,Under The Western Freeway,57FtCFNPyiqlltBLhFGDYi,1997-10-21,day,11,album,Grandaddy,3W4xM5XYtUp4ifYYPVKVdk,2023-03-16T16:57:33.316Z
moment A rhythm (short ver. / remastered at METROPOLIS),6WoCuE0zK8hc5Wfn6jsAWf,436693,26,False,just A moment,4BWKCEUijxc5qlDqju6haQ,2009,year,10,album,Ling tosite sigure,00DuPiLri3mNomvvM3nZvU,2023-03-17T00:37:09.564Z
moment A rhythm (short ver. / remastered at METROPOLIS),6WoCuE0zK8hc5Wfn6jsAWf,436693,26,False,just A moment,4BWKCEUijxc5qlDqju6haQ,2009,year,10,album,Ling tosite sigure,00DuPiLri3mNomvvM3nZvU,2023-03-17T01:14:59.385Z
"Near DT, MI",5jXzG56pDO74wRBG7GBoyf,140466,45,False,Schlagenheim,5M9SijJoRgczSknq2LaHJN,2019-06-21,day,9,album,black midi,7Hvq85OU8T7Hsd63zNBwaL,2023-03-17T01:20:47.356Z
"Near DT, MI",5jXzG56pDO74wRBG7GBoyf,140466,45,False,Schlagenheim,5M9SijJoRgczSknq2LaHJN,2019-06-21,day,9,album,black midi,7Hvq85OU8T7Hsd63zNBwaL,2023-03-17T01:22:02.726Z
Myrrhman,29xl0qT8fwLBqpfHHbPFNV,333426,30,False,Laughing Stock,7vqMpYHIqqWQQc0IVR03ue,1991-01-01,day,6,album,Talk Talk,7Fo8TAyGJr4VmhE68QamMf,2023-03-17T01:27:37.015Z
All I Need,5Qv2Nby1xTr9pQyjkrc94J,228746,67,False,In Rainbows,5vkqYmiPBYLaalcmjujWxK,2007-12-28,day,10,album,Radiohead,4Z8W4fKeB5YxbusRsdQVPb,2023-03-17T01:35:11.409Z
Like Antennas To Heaven…,31pLszBSGG3ToeXcPIgyXF,1137586,35,False,Lift Your Skinny Fists Like Antennas to Heaven,2rT82YYlV9UoxBYLIezkRq,2000-01-01,day,4,album,Godspeed You! Black Emperor,4svpOyfmQKuWpHLjgy4cdK,2023-03-17T01:44:47.675Z
Animated Car Chase,6zfQ5WkoHYPgvYJFtGAA0g,112840,19,False,The French Dispatch (Original Soundtrack),0UxHJhb3iWfYxofVDE0eec,2021-10-22,day,25,compilation,Alexandre Desplat,71jzN72g8qWMCMkWC5p1Z0,2023-03-17T03:20:51.140Z
Prophecies,1QGQ7wB1KZfpbbWNFCaVGm,491333,43,False,Koyaanisqatsi,0I5Te5Oi0Cbes6nwEe4uFV,1983-01-01,day,6,album,Philip Glass,69lxxQvsfAIoQbB20bEPFC,2023-03-17T04:50:18.643Z
Coney Island Dreaming,0csfb2CwIirLvt3t9QEQ39,64599,35,False,Requiem for a Dream / OST,7Jkv05qDgXZynnNaYcxY5W,2000-10-03,day,33,album,Clint Mansell,01xiB0IlXMXy3wrrotgDnU,2023-03-17T05:20:46.116Z
Bathroom Dance,4WiqPbWvLbv317E8fB4SJC,128280,51,False,Joker (Original Motion Picture Soundtrack),16bF6lLLeVcBNgYNreGjYZ,2019-10-02,day,17,album,Hildur Guðnadóttir,2lD1D6eEh7xQdBtnl2Ik7Y,2023-03-17T05:22:54.876Z
Ghostride,0R3TWpoxAhT3HDXM7tpRzS,126120,67,False,Jinx,6DxidEI7EhF8md8ev83iNY,2019-06-14,day,10,album,Crumb,4kSGbjWGxTchKpIxXPJv0B,2023-03-17T07:40:20.052Z
Hidden Place,4c6LgotpKGB791EsNeu9gr,329360,45,False,Vespertine,4u3MPfHM60rFFULJebZIay,2001-08-27,day,12,album,Björk,7w29UYBi0qsHi5RTcv3lmA,2023-03-17T08:10:18.844Z
TSLAMP,43rJQjd6zfyTP58TNI9JAi,270013,49,False,Little Dark Age,7GjVWG39IOj4viyWplJV4H,2018-02-09,day,10,album,MGMT,0SwO7SWeDHJijQ3XNS7xEE,2023-03-17T14:41:26.522Z
Risingson,6ggJ6MceyHGWtUg1KLp3M1,298826,49,False,Mezzanine,49MNmJhZQewjt06rpwp6QR,1998-01-01,day,11,album,Massive Attack,6FXMGgJwohJLUSr5nVlf9X,2023-03-17T14:48:18.702Z
Twin Peaks Theme - Instrumental,7FO7BolIZsl1o8DDSjeOph,310013,51,False,Soundtrack From Twin Peaks,6iGX2bbzKEocRY0HzdQ9zX,1990-09-07,day,11,album,Angelo Badalamenti,3Eeb1U0VJTDaFpBHV4DmHl,2023-03-17T14:53:29.474Z
Ghostride,0R3TWpoxAhT3HDXM7tpRzS,126120,67,False,Jinx,6DxidEI7EhF8md8ev83iNY,2019-06-14,day,10,album,Crumb,4kSGbjWGxTchKpIxXPJv0B,2023-03-17T14:55:36.010Z
Annihilation,3Csd3UrBVYblYd0LsslPhL,322022,23,False,Annihilation (Music from the Motion Picture),0zTrUccbI88qkwHvfpH9sP,2018-02-23,day,18,album,Ben Salisbury,3WifYZsO8WO6hGlWIDM4Zq,2023-03-17T15:04:07.644Z
Down Under (feat. Colin Hay),7AVyve7cFYTd51ha5i9kE2,158774,66,False,Down Under (feat. Colin Hay),64xmSwJJbFQMf63AFYZXpW,2021-11-19,day,1,single,Luude,20cmhoGvN0eyzhmsHJH1Mg,2023-03-17T15:06:47.501Z
Elysium,7vJVLzQ17T7Do68tJfvfBw,161493,46,False,Gladiator - Music From The Motion Picture,1yqkE2BoMZaQRABJRJT2HZ,2000-04-25,day,35,album,Klaus Badelt,03GruNQP8X25PCoWzdvIGZ,2023-03-17T15:09:29.444Z
Sayo-Nara,6kHyafuZT9bxwfr4gqD2e8,157199,46,False,Doki Doki Literature Club! (Original Soundtrack),3sQqya1Z1oFg1ueZ18QB7k,2017-09-22,day,15,album,Dan Salvato,1i0Yz0IcoZXlZOk0kAnw5B,2023-03-17T15:13:48.451Z
Muted Beatings,2iLkTMUJ2MCsry5yYiafCg,196853,38,False,Francis Trouble,3SwIjv6JSHkY14XUbOAtkp,2018-03-09,day,10,album,Albert Hammond Jr,1Li0eIWeMeWcOOWpImcG9H,2023-03-17T15:17:05.876Z
Only a Matter of Time,6QpPVC3iLIlWuYsm5kwIke,194093,53,False,Only a Matter of Time,6R51FMt4t1OXoVEC2VxLuN,2021-01-28,day,1,single,Joshua Bassett,4VdV2qRAYBLINR6uU72V1J,2023-03-17T15:20:19.743Z
Is This It,2pAD0PKMUMtxlMvz33tYzB,151333,60,False,Is This It,2yNaksHgeMQM9Quse463b5,2001-07-30,day,11,album,The Strokes,0epOFNiUfyON9EYx7Tpr6V,2023-03-17T15:22:51.975Z
Incense at Abu Ghraib,00xiSEdT4dYwcAukkMVl3t,113587,19,False,Virgins,3GzIvKYXNOBViT8TveArjx,2013-10-14,day,12,album,Tim Hecker,1qiwaJwjKod5WhcYZ76O1B,2023-03-17T15:24:46.295Z
Piece of Cipher,21SNzeyPJD0vI2cUtjBXFz,311000,13,False,Piece of Cipher+,7v099954cksxxPYibDvfji,2013-05-22,day,11,album,ELECTROCUTICA,4O8BZqEodCX6jrOUlGASkA,2023-03-17T15:29:57.819Z
The Princess and the Clock,4FygO5Swnzsg8O4L5yDCNr,229189,33,False,Civilisation,4M4E8UBDsH67NEwgDKozym,2021-09-10,day,7,album,Kero Kero Bonito,6OqhFYFJDnBBHas02HopPT,2023-03-17T15:33:46.701Z
The Limit,5OBUmFuhkit7MYdaVZc2bs,321204,36,False,The Limit,4qrRtK8B87gcp9S4aWZwPt,2021-04-08,day,1,single,DARKSIDE,2933wDUojoQmvqSdTAE5NB,2023-03-17T15:39:09.103Z
Empire Ants (feat. Little Dragon),3a6PN6BRB8PP3ms48s7kU1,283573,67,False,Plastic Beach,2dIGnmEIy1WZIcZCFSj6i8,2010-03-03,day,16,album,Gorillaz,3AA28KZvwAUcZuOKwyblJQ,2023-03-17T15:43:53.229Z
Neighborhood #4 (7 Kettles),6oMBDrzwGG1BzCoZyPyGuG,289733,40,False,Funeral,6ZB8qaR9JNuS0Q0bG1nbcH,2004-06-16,day,10,album,Arcade Fire,3kjuyTCjPG1WMFCiyc5IuB,2023-03-17T15:48:43.484Z
Radiance,1D2y1zv5hzuqqEXSsuPKcI,202981,24,False,Virgins,3GzIvKYXNOBViT8TveArjx,2013-10-14,day,12,album,Tim Hecker,1qiwaJwjKod5WhcYZ76O1B,2023-03-17T15:52:06.529Z
The Batman,1NkI8DtCnjcWVCVLF0gB71,407533,57,False,The Batman (Original Motion Picture Soundtrack),18nTX27XXEYARGmWMTgD19,2022-02-24,day,29,album,Michael Giacchino,4kLvhMAuCloLxoP1aVM7Lr,2023-03-17T16:15:27.771Z
VENGEANCE | VENGEANCE [FEAT. JPEGMAFIA & ZILLAKAMI | JPEGMAF1A + Z1LLAKAM1],4d8BSdhx6WT5GtTOWpv4rh,240213,54,True,TA13OO,6idVoBWP2mt1qoMtASm3gc,2018-07-27,day,13,album,Denzel Curry,6fxyWrfmjcbj5d12gXeiNV,2023-03-17T16:37:23.203Z
Walking All Day,4AR83bEn1c1MlykwTfxcwX,207440,33,False,Walking All Day,5dQfGoAIeU4I5HuvGKtxuA,2018-01-16,day,1,single,Graham Coxon,7ueZp29tCNwjIj4yAMTEaC,2023-03-17T16:43:27.481Z
Oxygen,1GPjXL163PQRMKZ0m3bocy,479071,30,False,To Be Kind,1WwiyWxa40PKucRxIKlEVM,2014-05-12,day,10,album,Swans,79S80ZWgVhIPMCHuvl6SkA,2023-03-17T16:54:05.398Z
Drone 019,57GnS0nV5XhT54gRw2Cg34,52800,13,False,Drones 002,1p7e8XcNX2p7STBThx8w3F,2018-11-10,day,10,single,Mister Numb,2stINRazuFpTXmpd37HW9m,2023-03-17T18:25:59.582Z
cut my fingers off,5ARrWiDDRDocvURbemcnCy,139836,62,False,cut my fingers off,0iTfRgGOirNa2W7ran3xHo,2021-11-05,day,1,single,Ethan Bortnick,0LyP0Zn0mXLb65AgGOS6EY,2023-03-17T18:28:30.845Z
Exit Music (For A Film),0z1o5L7HJx562xZSATcIpY,267186,71,False,OK Computer,6dVIqQ8qmQ5GBnJ9shOYGE,1997-05-28,day,12,album,Radiohead,4Z8W4fKeB5YxbusRsdQVPb,2023-03-17T18:45:53.983Z
Set to Attack,7sI80PK0P3tDCvULKszqzL,208213,51,False,Francis Trouble,3SwIjv6JSHkY14XUbOAtkp,2018-03-09,day,10,album,Albert Hammond Jr,1Li0eIWeMeWcOOWpImcG9H,2023-03-17T18:48:56.526Z
Hacker,7y8X0Z04gJCKtfrnSAMywJ,275520,54,True,The Money Store,1PQDjdBpHPikAodJqjzm6a,2012-04-23,day,13,album,Death Grips,5RADpgYLOuS2ZxDq7ggYYH,2023-03-17T18:53:32.182Z
Welcome To Japan,7bfocP7GYoLOutUYpTI8tx,230826,61,False,Comedown Machine,4WnkQO4xD9ljQooB3VIxCV,2013-03-25,day,11,album,The Strokes,0epOFNiUfyON9EYx7Tpr6V,2023-03-17T18:57:23.750Z
God-ish,206UWNKXURTnN4zf9vmXUV,203760,54,False,God-ish,5MEXGTej0dxa5MbXZCJJyk,2021-09-19,day,1,single,PinocchioP,3b7jPCedJ2VH4l4rcOTvNC,2023-03-17T19:00:47.560Z
Yuve Yuve Yu,7dH9Qnbb7pwDahy1Vb9ZQa,282920,57,False,The Gereg,6YIA45KnCATXRzPFOeA9S8,2019-09-13,day,9,album,The HU,0b2B3PwcYzQAhuJacmcYgc,2023-03-17T19:05:54.104Z
All Caps,21O0XXPEWPtePt5RMY93Ob,130479,69,True,Madvillainy,19bQiwEKhXUBJWY6oV3KZk,2004-03-24,day,22,album,Madvillain,2aoFQUeHD1U7pL098lRsDU,2023-03-17T19:12:01.408Z
Do Not Fire!,1APrKVAuOsotWulrz0GyAz,52826,48,True,Madvillainy,19bQiwEKhXUBJWY6oV3KZk,2004-03-24,day,22,album,Madvillain,2aoFQUeHD1U7pL098lRsDU,2023-03-17T19:19:58.210Z
"Holland, 1945",64DpBZj4IlDFzCwxTq7azl,192533,57,False,In the Aeroplane Over the Sea,0vVekV45lOaVKs6RZQQNob,1998-02-20,day,11,album,Neutral Milk Hotel,2ooIqOf4X2uz4mMptXCtie,2023-03-17T19:23:11.341Z
Exit Music (For A Film),0z1o5L7HJx562xZSATcIpY,267186,71,False,OK Computer,6dVIqQ8qmQ5GBnJ9shOYGE,1997-05-28,day,12,album,Radiohead,4Z8W4fKeB5YxbusRsdQVPb,2023-03-17T19:34:37.382Z
春愁,5SHguvOUbyPTINNjCvRo8K,183800,64,False,"Love me, Love you",21awaIwNyYDin6Zzbtos4g,2018-02-14,day,3,single,Mrs. GREEN APPLE,4QvgGvpgzgyUOo8Yp8LDm9,2023-03-17T19:37:41.742Z
Warriors,3f4fc8c8unrQeKecmUPEDR,204586,68,False,Warriors,0uyb1O2aodxewxYrAHzqIn,2020-01-10,day,1,single,League of Legends,47mIJdHORyRerp4os813jD,2023-03-17T19:41:04.473Z
Return To Innocence,2UKkLqST2xWpK8n1b0Xr5Z,255466,63,False,The Cross Of Changes,1t4hf9yHMQBoTz2CxTBJKj,1993-01-01,day,9,album,Enigma,3DmG65yHQsMms7WAvrZOdt,2023-03-17T19:48:54.019Z
Smoke Don't Clear,0UPFTQTBKgsDH6bp7YCMRo,150250,30,True,By the Time I Get to Phoenix,7L7oMPboBCeyGLJVsHSWM2,2021-09-15,day,11,album,Injury Reserve,3nf2EaHj8HikLNdaiW3v73,2023-03-17T19:53:12.558Z
Archive 81 – Titles,0PLjjic1O9w8Jc4JRXPw96,34999,10,False,Archive 81 (Soundtrack From The Netflix Series),2yo2gqzSS8Qi1v4cOYY38L,2022-01-14,day,33,album,Ben Salisbury,3WifYZsO8WO6hGlWIDM4Zq,2023-03-17T19:53:46.769Z
Life Letters 2,0eUVG18A7izpaimvvDNPlu,133960,37,False,Only Your Favourite Glitches,5uEhzSi0KLQdfJqHSeNmEt,2021-04-01,day,13,album,Never Get Used To People,0j5kVHxvTgUN4nBIPKCLRJ,2023-03-17T19:55:59.311Z
Virginal I,5xMjc5pkrLMF3MWL3szeF0,376796,22,False,Virgins,3GzIvKYXNOBViT8TveArjx,2013-10-14,day,12,album,Tim Hecker,1qiwaJwjKod5WhcYZ76O1B,2023-03-17T20:02:17.487Z
Superman That,2gLco6poLosipqughuI7Rt,160062,39,True,By the Time I Get to Phoenix,7L7oMPboBCeyGLJVsHSWM2,2021-09-15,day,11,album,Injury Reserve,3nf2EaHj8HikLNdaiW3v73,2023-03-17T20:06:15.852Z
Angel,7uv632EkfwYhXoqf8rhYrg,379533,60,False,Mezzanine,49MNmJhZQewjt06rpwp6QR,1998-01-01,day,11,album,Massive Attack,6FXMGgJwohJLUSr5nVlf9X,2023-03-17T20:12:36.996Z
Twin Peaks Theme - Instrumental,7FO7BolIZsl1o8DDSjeOph,310013,51,False,Soundtrack From Twin Peaks,6iGX2bbzKEocRY0HzdQ9zX,1990-09-07,day,11,album,Angelo Badalamenti,3Eeb1U0VJTDaFpBHV4DmHl,2023-03-17T20:17:47.397Z
Ponyo on the Cliff by the Sea - Movie Version,35lqISXEocFzdX7JnuCAB6,96333,40,False,Ponyo on the Cliff by the Sea Soundtrack,15rOJIfBtL56saE9EIlocm,2008-07-16,day,36,album,Joe Hisaishi,7nzSoJISlVJsn7O0yTeMOB,2023-03-17T20:19:24.070Z
Riding,3slPD80JFiOHGbFLv4o71i,171049,11,True,Riding,6KNS7m1Ha97RgyU9XQqval,2018-08-04,day,1,single,Tiny Jag,1d6U0DfuaMs9tbHllXrsAJ,2023-03-17T20:22:43.914Z
Return To Innocence,2UKkLqST2xWpK8n1b0Xr5Z,255466,63,False,The Cross Of Changes,1t4hf9yHMQBoTz2CxTBJKj,1993-01-01,day,9,album,Enigma,3DmG65yHQsMms7WAvrZOdt,2023-03-17T20:27:00.228Z
Faust Arp,15irEKZ9D6FQqLoZ1qJ1Cx,129679,57,False,In Rainbows,5vkqYmiPBYLaalcmjujWxK,2007-12-28,day,10,album,Radiohead,4Z8W4fKeB5YxbusRsdQVPb,2023-03-17T20:29:10.291Z
Useless,5iKKfIJqyBXGUDre79dyeN,256070,18,False,Useless - Highway,71xa11ucgVWqithU8OSgp6,2014-09-22,day,7,album,Marie Madeleine,42Wmw8g4Cl9ZsxYR8prhSC,2023-03-17T20:33:26.866Z
Raid,3KQh7ppbDxVjdJBtjvP5BU,150520,63,True,Madvillainy,19bQiwEKhXUBJWY6oV3KZk,2004-03-24,day,22,album,Madvillain,2aoFQUeHD1U7pL098lRsDU,2023-03-17T20:40:59.914Z
The Story of O.J.,6JpN5w95em8SODPiM7W2PH,231760,62,True,4:44,7GoZNNb7Yl74fpk8Z6I2cv,2017-07-07,day,10,album,JAY-Z,3nFkdlSjzX9mRTtwJOzDYB,2023-03-17T20:54:18.400Z
Numbers On The Boards,4XkXgUNDVBMj3oJoE8yspZ,163586,49,True,My Name Is My Name,42oQv8fbI5CbeuAasf2ILC,2013-10-31,day,12,album,Pusha T,0ONHkAv9pCAFxb0zJwDNTy,2023-03-17T20:57:02.559Z
Smells Like Teen Spirit,6y1etHPLRsgA467gLBOgBm,301453,53,False,Nirvana,5zBPRXCAc801vyHWoRurNZ,2002-10-29,day,14,compilation,Nirvana,6olE6TJLqED3rqDCT0FyPh,2023-03-17T21:02:13.093Z
Smells Like Teen Spirit,4CeeEOM32jQcH3eN9Q2dGj,301920,81,False,Nevermind (Remastered),2UJcKiJxNryhL050F5Z1Fk,1991-09-26,day,13,album,Nirvana,6olE6TJLqED3rqDCT0FyPh,2023-03-17T21:09:46.882Z
Knees,4XoN5kQ4eIRPwCqMQ3U6iN,303805,40,True,By the Time I Get to Phoenix,7L7oMPboBCeyGLJVsHSWM2,2021-09-15,day,11,album,Injury Reserve,3nf2EaHj8HikLNdaiW3v73,2023-03-17T21:14:50.462Z
VENGEANCE | VENGEANCE [FEAT. JPEGMAFIA & ZILLAKAMI | JPEGMAF1A + Z1LLAKAM1],4d8BSdhx6WT5GtTOWpv4rh,240213,54,True,TA13OO,6idVoBWP2mt1qoMtASm3gc,2018-07-27,day,13,album,Denzel Curry,6fxyWrfmjcbj5d12gXeiNV,2023-03-17T21:18:51.983Z
Bruuuh (with Denzel Curry) - Remix,5LghBGmNUUwI2BvX2boIdK,206446,59,True,Bruuuh (with Denzel Curry) [Remix],2VBF1VUAfb250CHkaReyAz,2021-02-05,day,1,single,JID,6U3ybJ9UHNKEdsH7ktGBZ7,2023-03-17T21:22:18.596Z
Rip & Tear,5soMJpcVhSrGrB4prvPL6P,257734,65,False,Doom (Original Game Soundtrack),0KQyC28P9808r0oKKNgHvp,2016-09-28,day,31,album,Mick Gordon,13ab1LgQZ3tQOhkDRRYB8Y,2023-03-17T21:26:36.747Z
三文小説,7BMKWT0Vw0EKDELXLvuWCp,280533,55,False,三文小説,6Q5PZMhX9eKHW2jHSoGF0G,2020-10-30,day,1,single,King Gnu,6wxfx1yhyqjCPYwwxJktR2,2023-03-17T21:31:17.702Z
"Left Brain, Right Brain",35pPdHUIxE3OQxIeVuFL7Q,394392,49,True,What.,4zL56l798hLfl3VP2eGIHY,2013-12-17,day,18,album,Bo Burnham,2Waw2sSbqvAwK8NwACNjVo,2023-03-17T21:37:52.163Z
Side by Side,6gESAvKwozY2QAQvq7n3RY,169386,50,False,Sweet Home (Music from the Netflix Original Series),7AXjOCk3yYNaIeJyD8arNm,2020-12-25,day,25,compilation,BewhY,1wsoV3RXPkxVz3PwsNRI5K,2023-03-17T21:40:43.093Z
残響散歌,7v8wKvNQQIxkugCFFjrkaO,184893,74,False,残響散歌,1gfSftIuafqkGu28ely5z6,2021-12-06,day,1,single,Aimer,0bAsR2unSRpn6BQPEnNlZm,2023-03-17T21:45:24.331Z
踊り子,4UeWKazLR1ZwwSVnLw9Ir9,230109,57,False,踊り子,3qDlmj2bxxsDO7EdVgwb7j,2021-11-17,day,1,single,Vaundy,2IUl3m1H1EQ7QfNbNWvgru,2023-03-17T21:46:29.016Z
Bütün İstanbul Biliyo,48uVgUu7IWXqBOrCqpmUmu,150000,59,False,Bütün İstanbul Biliyo,62TwXahorM3dyFgPpAO6UB,2019-10-28,day,1,single,İkiye On Kala,1HsQw7SuwmxSH4r2aqF9DB,2023-03-17T23:31:40.575Z
Truman Sleeps,4N7h4IHWRaJCOo1VFdTMHV,111831,54,False,The Truman Show (Original Motion Picture Soundtrack),2uMsRKnaZ0Iy9wVI4F0X8a,2009,year,21,album,Philip Glass,69lxxQvsfAIoQbB20bEPFC,2023-03-17T23:33:32.764Z
Fukashigi no Carte - Seishun Buta Yarou wa Bunny Girl Senpai no Yume wo Minai,4kOGfnVEGTLuxa8fnzlIGj,86461,51,False,Fukashigi no Carte (Seishun Buta Yarou wa Bunny Girl Senpai no Yume wo Minai),6yXWOGafanGLiwHMRGFdKW,2018-11-20,day,1,single,Shayne Orok,1MQ48GaF9nanTisRGu3Mtl,2023-03-17T23:34:59.786Z
Arthur Comes to Sophie,0dvAO2KbsqDZGv8g03JFRy,99013,33,False,Joker (Original Motion Picture Soundtrack),16bF6lLLeVcBNgYNreGjYZ,2019-10-02,day,17,album,Hildur Guðnadóttir,2lD1D6eEh7xQdBtnl2Ik7Y,2023-03-17T23:42:47.834Z
Nandemonaiya - movie edit.,6RM5WJcShIHsxrja11M1iK,196906,49,False,Your Name.,4qApTp9557qYZzRLEih4uP,2016-08-24,day,27,album,RADWIMPS,1EowJ1WwkMzkCkRomFhui7,2023-03-17T23:48:09.776Z
Intro,61t9zpwq3VCHDrZKBgSOEj,54906,28,False,Ants From Up There (Deluxe),4ZGAjDHKwwcMZSkDALzlSO,2022-06-10,day,19,album,"Black Country, New Road",3PP6ghmOlDl2jaKaH0avUN,2023-03-17T23:49:05.221Z
Live Room,6Gxheh3g2pTciG8jRI3n9X,421967,21,False,Virgins,3GzIvKYXNOBViT8TveArjx,2013-10-14,day,12,album,Tim Hecker,1qiwaJwjKod5WhcYZ76O1B,2023-03-17T23:56:07.865Z
Superman That,2gLco6poLosipqughuI7Rt,160062,39,True,By the Time I Get to Phoenix,7L7oMPboBCeyGLJVsHSWM2,2021-09-15,day,11,album,Injury Reserve,3nf2EaHj8HikLNdaiW3v73,2023-03-17T23:58:48.570Z
Myrrhman,29xl0qT8fwLBqpfHHbPFNV,333426,30,False,Laughing Stock,7vqMpYHIqqWQQc0IVR03ue,1991-01-01,day,6,album,Talk Talk,7Fo8TAyGJr4VmhE68QamMf,2023-03-18T00:04:22.174Z
J'ai perdu mon corps,1cXaJ1zC7Bava26r2v6nP7,164200,32,False,I Lost My Body (Original Motion Picture Soundtrack),3Dp7SEi0Sx65fByb5JpCoG,2019-11-08,day,20,album,Dan Levy,5ubdjQN4F9Xe6jPIVqrce1,2023-03-18T00:07:06.481Z
Data.Reflex,4JnJ13cWbcIM1jrjMhozEp,256000,11,False,Dataplex,7rEvZJWAIyqFGy7X62kOq4,2006-02-21,day,20,album,Ryoji Ikeda,5y835stYdAVOoNOq5EBMxz,2023-03-18T00:11:23.495Z
The Beginning of the End,7CAD3QOpAUwRYR9PaQNgR6,268640,22,False,Requiem for a Dream / OST,7Jkv05qDgXZynnNaYcxY5W,2000-10-03,day,33,album,Clint Mansell,01xiB0IlXMXy3wrrotgDnU,2023-03-18T00:15:58.727Z
Where Is My Mind? - Remastered,7wCmS9TTVUcIhRalDYFgPy,234973,77,False,Surfer Rosa,50j4Wm1b9hLpSpPIA39Vp9,1988-03-21,day,13,album,Pixies,6zvul52xwTWzilBZl6BUbT,2023-03-18T00:19:55.944Z
The Beginning of the End,7CAD3QOpAUwRYR9PaQNgR6,268640,22,False,Requiem for a Dream / OST,7Jkv05qDgXZynnNaYcxY5W,2000-10-03,day,33,album,Clint Mansell,01xiB0IlXMXy3wrrotgDnU,2023-03-18T00:27:26.104Z
Ends of the Earth,7KMP2x6rXAIbYYSu8Al7gv,284146,66,False,Lonesome Dreams (Bonus Track Version),3VZNBoxVDEvO8NJa65zmMd,2012-10-09,day,11,album,Lord Huron,6ltzsmQQbmdoHHbLZ4ZN25,2023-03-18T00:32:55.335Z
Supplier,1ah2uXf2PFjLpSupcf1jG3,48506,38,True,Piñata,43uErencdmuTRFZPG3zXL1,2014-03-18,day,17,album,Freddie Gibbs,0Y4inQK6OespitzD6ijMwb,2023-03-18T00:57:18.317Z
High (feat. Danny Brown),2bSF5Qs8IQE9RRaZIef7mO,177640,53,True,Piñata,43uErencdmuTRFZPG3zXL1,2014-03-18,day,17,album,Freddie Gibbs,0Y4inQK6OespitzD6ijMwb,2023-03-18T01:01:29.141Z
Harold’s,7udJESHhtJ6k2TW9XfiwES,169106,47,True,Piñata,43uErencdmuTRFZPG3zXL1,2014-03-18,day,17,album,Freddie Gibbs,0Y4inQK6OespitzD6ijMwb,2023-03-18T01:04:18.613Z
Bomb (feat. Raekwon),2NnuTprLJBfiBZEHkQ666a,223760,42,True,Piñata,43uErencdmuTRFZPG3zXL1,2014-03-18,day,17,album,Freddie Gibbs,0Y4inQK6OespitzD6ijMwb,2023-03-18T01:08:02.209Z
Bread Song,7hxdkHpl8gNgx3NnoffkK4,381413,50,False,Ants From Up There,21xp7NdU1ajmO1CX0w2Egd,2022-02-04,day,10,album,"Black Country, New Road",3PP6ghmOlDl2jaKaH0avUN,2023-03-18T11:31:22.289Z
Tom Verlaine,7AvH0BPmruOp9DlqNkMl2b,206334,45,False,Blue Rev,1dShPPoxXfzbjFO1jIHJZz,2022-10-07,day,14,album,Alvvays,3kzwYV3OCB010YfXMF0Avt,2023-03-18T11:34:49.151Z
UFOF,3Hbwbuk3ChdUf7M6Cn7uQB,188413,48,False,U.F.O.F.,0sLnNGW4PzCYFQ4Pn7aVCP,2019-05-03,day,12,album,Big Thief,5QdyldG4Fl4TPiOIeMNpBZ,2023-03-18T11:37:57.422Z
In Hell,6AbCMuMMJbBcTtt2IaC0Wq,158358,45,False,Jubilee,1uD1kdwTWH1DZQZqGKz6rY,2021-06-04,day,10,album,Japanese Breakfast,7MoIc5s9KXolCBH1fy9kkw,2023-03-18T11:40:35.893Z
half return,1i8dJGpKO0xQiKGCVslJqB,128700,42,False,songs,2Qt8Z1LB3Fsrf6nhBNsvUJ,2020-10-23,day,11,album,Adrianne Lenker,4aKWmkWAKviFlyvHYPTNQY,2023-03-18T11:42:45.578Z
Little Wind,10ymMqrMfPbiBhYYlABEy6,122000,44,False,Among Horses III,1EeXJ45fmNfRtHRGPWAjvz,2018-10-05,day,6,single,Haley Heynderickx,73MDShZzdL4vUGMkmXOG6X,2023-03-18T11:44:47.998Z
Concorde,0y5akbuW5mCnnUe71xATpe,363773,57,False,Ants From Up There,21xp7NdU1ajmO1CX0w2Egd,2022-02-04,day,10,album,"Black Country, New Road",3PP6ghmOlDl2jaKaH0avUN,2023-03-18T11:50:52.783Z
God Turn Me Into a Flower,5gJw9DpcnYywIIVGYSb4Y5,385653,55,False,"And In The Darkness, Hearts Aglow",1hngVRZt95TrqPqXoJzQ4A,2022-11-18,day,10,album,Weyes Blood,3Uqu1mEdkUJxPe7s31n1M9,2023-03-18T11:57:18.747Z
possessed,6pGKtaPi617YOIdLu1uoCr,111083,23,False,i don’t know who needs to hear this...,5orWhhMYUzPXsKx4pDZWak,2022-04-29,day,11,album,Tomberlin,0jzaoSt5gOC04OWBqN78VS,2023-03-18T11:59:09.867Z
Savage Good Boy,0EredcGoVUJTRiBLmwI0AO,146184,49,False,Jubilee,1uD1kdwTWH1DZQZqGKz6rY,2021-06-04,day,10,album,Japanese Breakfast,7MoIc5s9KXolCBH1fy9kkw,2023-03-18T12:01:36.877Z
dragon eyes,2u0vK4Gf1IaEdcI7MtRWP5,206433,42,False,songs,2Qt8Z1LB3Fsrf6nhBNsvUJ,2020-10-23,day,11,album,Adrianne Lenker,4aKWmkWAKviFlyvHYPTNQY,2023-03-18T12:05:04.428Z
Once Twice Melody,057rZ21MDp8Ld0TgQndNcv,284906,53,False,Once Twice Melody,79NySyjxJ8xric31mXKMAo,2022-02-18,day,18,album,Beach House,56ZTgzPBDge0OvCGgMO3OY,2023-03-18T12:09:49.504Z
Night Shift,1yYlpGuBiRRf33e1gY61bN,391829,64,True,Historian,0LqhbUfmHsxovfSirhEIGu,2018-03-02,day,10,album,Lucy Dacus,07D1Bjaof0NFlU32KXiqUP,2023-03-18T12:16:21.973Z
Buddy's Rendezvous,1I5zEkyDQTJ6TeDxyXBSQ5,299733,41,False,Chloë and the Next 20th Century,2tfg6zi5pwuYeQ0IHYnOBz,2022-04-08,day,11,album,Father John Misty,2kGBy2WHvF0VdZyqiVCkDT,2023-03-18T12:21:21.561Z
Cattails,1zNLILPGGfMdEnifTrnY3z,245640,47,False,U.F.O.F.,0sLnNGW4PzCYFQ4Pn7aVCP,2019-05-03,day,12,album,Big Thief,5QdyldG4Fl4TPiOIeMNpBZ,2023-03-18T12:25:27.382Z
Write a List of Things to Look Forward to,6VogkDg3KT1AXUKVwQCa4L,168074,38,False,"Things Take Time, Take Time",6F7xODNdC9FGsvXurtM4dy,2021-11-12,day,10,album,Courtney Barnett,4OOlG5eBXSkSAAEeKjJb5Y,2023-03-18T12:28:16.010Z
forwards beckon rebound,6PBanBy8L1K2Ry4UN186XH,189464,44,False,songs,2Qt8Z1LB3Fsrf6nhBNsvUJ,2020-10-23,day,11,album,Adrianne Lenker,4aKWmkWAKviFlyvHYPTNQY,2023-03-18T12:31:26.343Z
It's Infinite,378nd3P3zYSr4QBv2r8OwD,174465,50,False,Hannah,0xyYtBmta0jBeqXOJsocSJ,2020-09-04,day,14,album,Lomelda,6zcDLZ62JsbVM1nLrQMzi4,2023-03-18T12:34:21.633Z
"It's Not Just Me, It's Everybody",7G6NU3cp3ufNMEFCI2l90X,376520,58,False,"And In The Darkness, Hearts Aglow",1hngVRZt95TrqPqXoJzQ4A,2022-11-18,day,10,album,Weyes Blood,3Uqu1mEdkUJxPe7s31n1M9,2023-03-18T12:40:38.286Z
Free In The Knowledge,0p8esvsm33EFp9iABb8wH9,252864,49,False,A Light for Attracting Attention,009EjjwUjtdjvH7UP0wHzi,2022-05-13,day,13,album,The Smile,6styCzc1Ej4NxISL0LiigM,2023-03-18T12:44:51.340Z
Objects,1rupp2YYn7865q9HMoedWq,162653,41,False,Capacity,3jXbdginoAtjcBqT7GcYRd,2017-06-09,day,11,album,Big Thief,5QdyldG4Fl4TPiOIeMNpBZ,2023-03-18T12:47:34.773Z
Hangover Game,0KgqfFDS6vvzZ50IozlD1Y,136124,45,False,Boat Songs,1G5OaCbp7Tb0YJlSInBeYu,2022-04-29,day,10,album,MJ Lenderman,4tK6Z8fK7Sc9133byjPGIT,2023-03-18T12:49:51.712Z
Kerina,57qpL2xmsydc04uBmiH2DC,171453,47,False,a-sides,5rwqvk7OpTco8gcX8LarT1,2014-05-01,day,7,album,Adrianne Lenker,4aKWmkWAKviFlyvHYPTNQY,2023-03-18T12:52:43.401Z
Interstate Vision,348FPMPFwLA7ucpCqNXyPl,162624,49,False,Thx,2ayYjy02kHqMSMKHXOLRGp,2017-09-08,day,10,album,Lomelda,6zcDLZ62JsbVM1nLrQMzi4,2023-03-18T12:55:26.498Z
Picture Me Better,6Jy6p1xGv0n4c5hH0CH3VP,221880,50,False,Titanic Rising,0Cuqhgy8vm96JEkBY3polk,2019-04-05,day,10,album,Weyes Blood,3Uqu1mEdkUJxPe7s31n1M9,2023-03-18T12:59:08.470Z
No Face,0uLlFekr8nKMj960xHKPYx,116483,59,False,I Need to Start a Garden,4I8BEAiq1kPqRRlvWLTo5B,2018-03-02,day,8,album,Haley Heynderickx,73MDShZzdL4vUGMkmXOG6X,2023-03-18T13:01:06.339Z
Breathe in My Lungs,3IDg61SwD5FEZ8U13ibb1l,172484,36,False,Mythological Beauty,1uub6lkNMQIYNrlNgg4WfV,2017-04-21,day,2,single,Big Thief,5QdyldG4Fl4TPiOIeMNpBZ,2023-03-18T13:03:59.494Z
Fictional California,0fwSyDz01EF1AfpYaWPMy0,170516,36,False,A Beginner's Mind,7AS9VaIdnYSR13T3vkVtu9,2021-09-24,day,14,album,Sufjan Stevens,4MXUO7sVCaFgFjoTI5ox5c,2023-03-18T13:06:50.242Z
symbol,5UvgTF3oGUxRwi96UZJd4I,229133,43,False,abysskiss,1Bff8eaWt2o058OQIq2OPa,2018-10-05,day,10,album,Adrianne Lenker,4aKWmkWAKviFlyvHYPTNQY,2023-03-18T13:10:39.843Z
The Sun Is Bad,6dPqMj0saSxpKbQEtUEf13,158874,45,False,I Love My Mom,43Ly01iLJ2uIQPfqjZmH8Y,2018-06-08,day,10,album,Indigo De Souza,3ir2pF2mkiEWqyPenKTh5e,2023-03-18T13:13:19.114Z
Easy On Your Own?,42oq4KDYcBwAHpEkV3PuWc,174626,53,False,Blue Rev,1dShPPoxXfzbjFO1jIHJZz,2022-10-07,day,14,album,Alvvays,3kzwYV3OCB010YfXMF0Avt,2023-03-18T13:16:14.145Z
I Know I'm Funny haha,3V66T9O5aOycr8raWMpyLP,163880,50,True,I Know I'm Funny haha,424bxvpYyNDM2DFFibeKs0,2021-06-25,day,11,album,Faye Webster,5szilpXHcwOqnyKLqGco5j,2023-03-18T13:18:58.951Z
Gary Ashby,10yQwebXPazuU2KxH1XR4r,130479,49,False,Stumpwork,64OXKq9VK1geZd3Q9OpoBO,2022-10-21,day,11,album,Dry Cleaning,7DlD7rLG9MKuvXtTeACzkO,2023-03-18T13:21:09.225Z
Joe by the Book,5QkTbcyiV1O6dwwGpic3OV,112393,35,False,Buck Meek,2QdSLnxgLq9IrS08YAmv6W,2018-05-18,day,10,album,Buck Meek,4mYY0UqYdvgdz60psupYBR,2023-03-18T13:23:02.381Z
ingydar,5CpH0bwau1sW8vtTBQ8Erc,248386,50,False,songs,2Qt8Z1LB3Fsrf6nhBNsvUJ,2020-10-23,day,11,album,Adrianne Lenker,4aKWmkWAKviFlyvHYPTNQY,2023-03-18T13:27:11.157Z
Pretty Things,18AMwecxv5p3dIrLTbc3WE,184600,43,False,Capacity,3jXbdginoAtjcBqT7GcYRd,2017-06-09,day,11,album,Big Thief,5QdyldG4Fl4TPiOIeMNpBZ,2023-03-18T13:30:16.503Z
Something to Believe,30TCAxiC8zVb5NVdUoUuCS,285560,49,False,Titanic Rising,0Cuqhgy8vm96JEkBY3polk,2019-04-05,day,10,album,Weyes Blood,3Uqu1mEdkUJxPe7s31n1M9,2023-03-18T13:35:02.581Z
midnight sun,52pPJ946ehqvG63mfqatRf,282373,35,False,PAINLESS,0iJ6CtgpIqzT1lYEqUu601,2022-03-04,day,12,album,Nilüfer Yanya,09kXLeOXRyfNQMXRaDO4qA,2023-03-18T13:39:44.954Z
Helplessness Blues - Solstice Version,3KueinyeiG5ADpyGhUKCn7,303440,34,False,A Very Lonely Solstice,28aerKYZtxvFfNflCyE29h,2021-12-10,day,13,album,Fleet Foxes,4EVpmkEwrLYEg6jIsiPMIb,2023-03-18T13:44:49.526Z
Lady Macbeth In Chains,0W2a7Ga9auLPDDPQp11iDO,222071,41,False,A Beginner's Mind,7AS9VaIdnYSR13T3vkVtu9,2021-09-24,day,14,album,Sufjan Stevens,4MXUO7sVCaFgFjoTI5ox5c,2023-03-18T13:48:31.477Z
two reverse,4GHHloVSspowQJMBsJ6r37,213322,45,False,songs,2Qt8Z1LB3Fsrf6nhBNsvUJ,2020-10-23,day,11,album,Adrianne Lenker,4aKWmkWAKviFlyvHYPTNQY,2023-03-18T13:52:05.039Z
Devil’s Daughter,2XvYgfrKcft7vGsZeBiav8,133960,50,False,Plastic Bouquet,2ih2y265Nk7ipR1RZDRniF,2020-12-11,day,11,album,Kacy & Clayton,7oJ1EabmX7ejrie3NBzn0p,2023-03-18T13:54:19.802Z
Shark Smile,0Fc0vCE3yWvAGKbU5twVOz,238893,50,False,Capacity,3jXbdginoAtjcBqT7GcYRd,2017-06-09,day,11,album,Big Thief,5QdyldG4Fl4TPiOIeMNpBZ,2023-03-18T13:58:19.827Z
"not a lot, just forever",11hEwcy9LMEvzAlOYAFhkK,250198,51,False,songs,2Qt8Z1LB3Fsrf6nhBNsvUJ,2020-10-23,day,11,album,Adrianne Lenker,4aKWmkWAKviFlyvHYPTNQY,2023-03-18T14:02:29.912Z
Wild Time,5V25JNAs17PQ3dJfmMIqSG,369265,48,False,Titanic Rising,0Cuqhgy8vm96JEkBY3polk,2019-04-05,day,10,album,Weyes Blood,3Uqu1mEdkUJxPe7s31n1M9,2023-03-18T14:08:39.217Z
Unholy Affliction,3WzIQTBYGf1WzQpF8pZIWA,186906,35,False,"Sometimes, Forever",3VXLdJpzeaAyX9Tbm0i0zn,2022-06-24,day,11,album,Soccer Mommy,4wXchxfTTggLtzkoUhO86Q,2023-03-18T14:11:47.855Z
Reach Out,2gEuEnvHdyZhRoXQiaoY1Y,223344,44,False,A Beginner's Mind,7AS9VaIdnYSR13T3vkVtu9,2021-09-24,day,14,album,Sufjan Stevens,4MXUO7sVCaFgFjoTI5ox5c,2023-03-18T14:15:31.009Z
Desire,5jaNcUWxmKj3AHIhSiulg8,194423,36,False,Flower of Devotion,0kn1V8vpoxtEw69CcMDlik,2020-07-17,day,13,album,Dehd,6yzuBFtT6dK2aQMZJZtcB1,2023-03-18T14:18:45.836Z
Great White Shark,1gaQOhdmnqBGk2rkjjcBXS,202573,36,False,Capacity,3jXbdginoAtjcBqT7GcYRd,2017-06-09,day,11,album,Big Thief,5QdyldG4Fl4TPiOIeMNpBZ,2023-03-18T14:22:09.409Z
Juniper,7boY9U14Ss41yLp320uVGX,159453,51,False,Cool Dry Place,584CDFxeA55Hrr1dydGfQE,2021-02-19,day,9,album,Katy Kirby,3ZH4IYVc5qVlKyJoZhGpwy,2023-03-18T14:24:49.470Z
